"id","nombre","edad","sexo","padre_id","madre_id","D3S1358_a1","D3S1358_a2","VWA_a1","VWA_a2","D16S539_a1","D16S539_a2","D2S1338_a1","D2S1338_a2","D8S1179_a1","D8S1179_a2","D21S11_a1","D21S11_a2","D18S51_a1","D18S51_a2","D19S433_a1","D19S433_a2","TH01_a1","TH01_a2","FGA_a1","FGA_a2","CSF1PO_a1","CSF1PO_a2","D13S317_a1","D13S317_a2","D7S820_a1","D7S820_a2","D5S818_a1","D5S818_a2","TPOX_a1","TPOX_a2","D1S1656_a1","D1S1656_a2","D2S441_a1","D2S441_a2","D10S1248_a1","D10S1248_a2","D12S391_a1","D12S391_a2","D22S1045_a1","D22S1045_a2","tiene_parientes"
"ID0001","Habitante_1",63,"M",NA,NA,"14","19","17","19","15","15","21","22","11","19","32","32","10","17","14","14","5","10","22","27","9","12","9","15","13","8","9","13","9","10","11","10","10","9","19","12","16","17","13","16",FALSE
"ID0002","Habitante_2",49,"F",NA,NA,"14","19","14","17","10","14","22","28","16","18","31","38","14","10","14","14","10","5","28","27","11","8","9","9","9","11","12","11","6","11","10","10","12","12","19","14","23","22","11","19",FALSE
"ID0003","Habitante_3",28,"F","ID0340","ID0006","14","14","14","17","9","12","25","17","18","14","24","33","25","21","10","9","9","5","29","30","12","11","9","11","13","11","9","11","11","6","12","13","10","10","17","14","19","23","15","17",TRUE
"ID0004","Habitante_4",67,"M",NA,NA,"19","19","18","17","13","15","28","22","18","19","38","38","14","16","14","13","5","5","26","18","7","12","9","13","15","12","7","8","7","10","11","10","12","13","10","13","25","23","11","8",FALSE
"ID0005","Habitante_5",42,"F",NA,NA,"14","14","15","17","14","15","23","22","11","19","38","30","22","22","11","12","5","5","21","22","9","8","12","10","7","13","8","12","6","10","10","19","8","16","12","12","23","15","19","8",FALSE
"ID0006","Habitante_6",46,"F",NA,NA,"14","19","14","17","11","8","17","22","13","14","34","26","14","17","12","11","7","7","21","20","9","14","11","9","11","14","12","13","6","10","19","10","12","8","12","9","17","22","16","15",TRUE
"ID0007","Habitante_7",47,"F",NA,NA,"19","17","19","17","11","15","17","15","13","14","38","33","13","10","14","9","6","10","19","24","11","12","13","13","14","9","9","7","6","11","10","13","10","12","17","11","22","19","11","10",TRUE
"ID0008","Habitante_8",56,"M",NA,NA,"14","19","17","19","11","12","24","21","10","18","28","38","22","22","12","10","6","7","28","23","7","15","11","10","11","11","13","15","6","11","10","12","16","10","9","18","19","25","8","15",FALSE
"ID0009","Habitante_9",27,"M","ID0256","ID0046","19","19","19","17","12","13","23","23","14","16","29","29","14","22","10","10","5","5","29","21","8","7","13","11","8","8","12","14","6","12","18","19","8","10","17","9","22","16","15","19",TRUE
"ID0010","Habitante_10",31,"F","ID0380","ID0094","19","14","19","17","15","9","21","19","19","15","25","30","9","16","16","10","5","7","26","30","10","7","9","9","10","13","12","11","10","10","13","19","15","11","18","12","17","16","10","19",TRUE
"ID0011","Habitante_11",45,"F",NA,NA,"17","14","17","14","13","15","17","21","18","9","36","38","9","27","17","17","5","5","27","27","9","10","10","10","14","13","8","8","7","8","13","10","8","8","13","9","19","17","10","12",TRUE
"ID0012","Habitante_12",56,"F",NA,NA,"19","19","17","14","14","15","16","26","18","10","30","30","25","23","17","14","7","5","23","27","7","14","10","10","13","7","8","13","6","7","10","11","11","10","10","18","19","19","8","17",FALSE
"ID0013","Habitante_13",51,"M",NA,NA,"19","19","14","19","12","9","19","25","19","10","27","26","14","16","16","11","5","5","23","28","8","14","13","10","14","10","13","9","13","9","13","12","9","12","17","12","24","25","8","11",FALSE
"ID0014","Habitante_14",41,"F",NA,NA,"19","19","16","14","13","11","15","17","15","14","32","27","11","14","9","15","5","5","28","21","7","12","8","13","13","13","9","13","6","6","19","10","9","13","14","18","15","23","12","10",FALSE
"ID0015","Habitante_15",57,"F",NA,NA,"19","14","18","19","11","15","23","21","18","12","33","33","21","22","12","14","10","10","29","23","15","8","11","15","8","9","8","13","11","6","19","13","10","10","12","17","25","19","8","11",FALSE
"ID0016","Habitante_16",61,"M",NA,NA,"19","12","19","18","8","14","19","19","19","11","27","30","22","13","14","10","5","6","21","30","7","8","10","15","14","9","15","12","7","6","10","11","8","10","9","9","23","17","9","17",TRUE
"ID0017","Habitante_17",42,"F",NA,NA,"19","19","21","14","14","13","24","25","14","14","29","26","21","22","14","13","6","7","23","18","12","8","9","12","11","14","14","15","6","6","13","17","10","10","13","13","20","25","10","10",FALSE
"ID0018","Habitante_18",68,"M",NA,NA,"19","13","19","17","13","13","28","17","18","18","30","34","25","14","15","12","7","7","21","21","12","9","10","8","12","9","8","13","6","7","10","10","9","10","10","12","22","17","8","9",FALSE
"ID0019","Habitante_19",28,"F",NA,NA,"13","19","17","19","12","14","22","23","8","15","30","34","21","10","16","11","5","6","26","27","8","14","15","12","9","14","8","8","8","10","11","10","9","12","8","17","20","22","16","8",FALSE
"ID0020","Habitante_20",75,"F",NA,NA,"19","14","19","19","15","15","21","22","9","11","33","38","22","19","14","14","5","5","27","29","8","15","10","10","14","13","12","8","8","6","13","13","12","10","9","19","21","22","9","11",FALSE
"ID0021","Habitante_21",50,"F",NA,NA,"19","13","21","14","12","8","15","15","16","19","25","29","21","17","11","16","6","7","23","21","10","12","15","15","9","14","8","11","10","6","10","13","9","12","9","12","21","25","8","9",FALSE
"ID0022","Habitante_22",67,"M",NA,NA,"15","19","14","14","14","13","26","26","18","14","38","30","25","10","16","9","6","7","30","23","8","12","9","10","11","14","13","8","7","9","13","19","16","11","18","9","23","20","9","16",FALSE
"ID0023","Habitante_23",34,"M",NA,NA,"19","16","18","21","12","8","28","21","14","12","29","37","10","13","14","17","6","5","23","19","11","8","9","11","8","11","12","9","10","7","16","13","13","14","9","8","17","17","12","9",FALSE
"ID0024","Habitante_24",55,"F",NA,NA,"19","19","17","14","15","15","16","24","14","10","33","31","25","16","10","12","7","7","23","26","14","7","13","13","9","13","15","14","7","6","10","13","9","10","9","9","15","20","12","16",TRUE
"ID0025","Habitante_25",57,"M",NA,NA,"19","19","17","19","14","8","24","24","12","19","33","38","10","13","12","10","6","5","21","23","8","11","9","12","12","12","8","8","6","6","13","14","15","10","13","18","25","20","15","19",TRUE
"ID0026","Habitante_26",48,"M","ID0251","ID0300","19","18","21","17","11","13","19","22","15","9","24","28","13","15","9","9","7","7","27","27","9","8","10","9","12","8","13","11","6","6","13","15","9","8","14","11","23","19","11","8",TRUE
"ID0027","Habitante_27",63,"F",NA,NA,"18","14","15","19","13","9","26","15","12","12","30","29","10","22","17","17","5","6","23","26","11","12","9","10","14","9","12","12","6","6","19","16","12","10","18","11","22","24","8","9",TRUE
"ID0028","Habitante_28",30,"M",NA,NA,"14","16","19","17","9","13","28","19","19","11","38","31","26","25","11","17","6","10","21","30","7","7","13","8","9","11","13","15","6","10","12","13","13","8","18","19","18","20","12","8",FALSE
"ID0029","Habitante_29",27,"F","ID0109","ID0324","19","14","17","19","12","15","22","21","12","13","34","30","22","22","11","9","5","7","21","26","12","11","8","10","14","14","8","7","6","6","10","13","15","12","10","9","17","25","12","11",TRUE
"ID0030","Habitante_30",70,"F",NA,NA,"13","19","16","19","9","8","16","28","18","10","31","38","21","10","14","16","10","6","21","27","11","8","13","10","6","14","15","9","10","6","19","17","10","16","19","8","23","23","9","12",TRUE
"ID0031","Habitante_31",60,"M",NA,NA,"14","19","17","18","15","15","22","19","8","19","35","31","22","25","14","12","7","6","27","19","11","7","13","9","9","11","12","13","6","9","13","13","12","11","18","15","23","16","15","8",FALSE
"ID0032","Habitante_32",20,"M","ID0168","ID0140","19","19","20","19","14","14","19","15","18","18","38","26","25","11","14","10","6","6","23","21","12","9","15","15","12","12","9","15","6","7","10","10","12","10","10","11","23","23","8","11",TRUE
"ID0033","Habitante_33",39,"F",NA,NA,"19","14","17","19","12","8","19","23","12","12","30","33","25","25","14","12","10","9","23","21","15","15","11","9","12","14","9","14","6","6","13","13","10","12","8","18","15","23","13","10",FALSE
"ID0034","Habitante_34",35,"F",NA,NA,"13","19","14","18","13","14","21","22","10","19","38","34","13","14","9","9","11","8","28","21","8","12","12","9","10","6","12","12","11","6","10","13","15","9","13","14","20","19","11","16",FALSE
"ID0035","Habitante_35",25,"M","ID0070","ID0007","19","19","14","17","12","8","17","22","18","15","31","37","25","17","10","9","5","6","29","19","12","7","9","9","13","11","11","15","11","10","13","11","16","10","10","17","17","17","12","11",TRUE
"ID0036","Habitante_36",54,"F",NA,NA,"19","19","17","19","14","14","23","23","10","18","34","38","14","21","17","17","10","5","23","24","15","12","12","9","14","6","15","8","7","6","10","13","16","15","17","10","20","22","12","8",FALSE
"ID0037","Habitante_37",39,"F",NA,NA,"16","19","17","20","14","8","17","28","19","18","38","38","9","16","14","10","7","5","23","23","15","8","10","10","9","9","12","9","6","13","13","11","12","10","12","17","15","23","11","15",FALSE
"ID0038","Habitante_38",43,"M",NA,NA,"14","19","21","17","15","8","26","15","13","19","38","33","14","13","14","9","5","7","29","21","9","10","10","13","9","14","9","15","6","6","13","10","10","15","10","9","24","25","19","19",FALSE
"ID0039","Habitante_39",34,"F","ID0273","ID0072","16","14","19","19","8","8","26","17","19","11","30","38","14","21","17","17","10","7","30","29","12","8","15","9","8","11","15","12","6","7","19","13","9","9","17","14","19","25","16","12",TRUE
"ID0040","Habitante_40",36,"M",NA,NA,"18","19","19","14","12","8","21","27","18","19","38","30","17","19","12","17","5","9","23","21","11","15","9","12","14","12","8","13","13","11","17","13","12","10","10","14","23","22","8","19",FALSE
"ID0041","Habitante_41",58,"F",NA,NA,"19","14","19","17","13","8","16","24","12","13","36","38","22","14","9","14","5","6","19","20","8","11","9","10","12","8","9","7","6","6","11","13","11","10","10","9","17","17","9","11",FALSE
"ID0042","Habitante_42",75,"M",NA,NA,"19","19","14","17","12","15","28","19","12","16","29","31","26","18","14","14","5","5","30","19","10","14","15","12","13","13","10","9","6","6","17","10","9","10","18","12","20","23","12","16",TRUE
"ID0043","Habitante_43",36,"F","ID0192","ID0295","19","19","17","17","11","14","15","23","10","12","34","29","14","21","17","11","5","7","23","28","7","11","9","9","8","13","9","9","6","13","13","13","10","10","12","12","17","23","11","8",TRUE
"ID0044","Habitante_44",35,"F",NA,NA,"17","16","19","21","15","12","19","23","14","8","28","34","14","9","9","13","5","5","23","30","8","8","10","9","7","12","14","8","6","6","13","10","11","13","18","12","23","16","15","17",FALSE
"ID0045","Habitante_45",23,"F","ID0281","ID0235","19","13","17","17","15","13","27","25","11","8","32","34","16","10","12","9","9","6","26","21","8","8","9","9","6","9","12","16","8","10","10","16","9","10","19","10","17","19","15","8",TRUE
"ID0046","Habitante_46",59,"F",NA,NA,"14","18","17","17","12","15","28","19","15","18","30","29","11","19","15","14","10","7","29","26","8","8","15","13","14","9","14","15","6","6","11","19","10","12","10","18","22","20","8","15",TRUE
"ID0047","Habitante_47",46,"M",NA,NA,"19","19","17","18","8","12","28","23","9","14","37","36","22","10","14","9","6","5","29","21","9","11","9","9","9","12","11","7","10","6","19","13","10","13","19","14","23","20","8","8",TRUE
"ID0048","Habitante_48",60,"F",NA,NA,"14","15","17","17","8","13","19","25","19","15","28","33","22","13","12","17","6","6","26","23","13","12","9","13","13","11","11","13","8","6","11","13","16","10","13","13","20","19","19","8",FALSE
"ID0049","Habitante_49",32,"F","ID0085","ID0052","19","19","14","19","12","12","15","23","13","15","28","38","14","16","12","9","5","5","19","21","15","7","13","13","14","13","13","15","7","11","13","17","10","10","12","17","20","23","10","15",TRUE
"ID0050","Habitante_50",28,"F","ID0251","ID0046","19","13","14","14","8","8","26","23","18","15","30","33","13","19","17","10","5","6","29","23","11","9","9","15","11","14","12","15","9","6","19","13","13","9","12","19","23","25","10","12",TRUE
"ID0051","Habitante_51",56,"F",NA,NA,"19","19","17","14","13","15","26","15","14","12","24","25","17","13","10","15","7","7","27","21","9","12","13","11","11","6","13","7","6","6","10","20","10","8","9","13","23","17","12","12",FALSE
"ID0052","Habitante_52",70,"F",NA,NA,"14","19","17","18","9","8","19","26","13","19","38","31","19","11","13","10","7","5","29","20","12","15","9","9","9","9","15","15","6","9","13","19","10","12","18","17","15","20","15","8",TRUE
"ID0053","Habitante_53",77,"M",NA,NA,"19","19","14","14","12","14","24","21","19","17","38","25","23","13","9","12","6","9","26","26","7","12","11","10","9","6","8","14","6","9","19","10","12","10","19","14","23","25","11","8",TRUE
"ID0054","Habitante_54",56,"F",NA,NA,"19","16","19","20","15","9","21","23","9","14","34","30","18","10","14","13","5","7","29","30","8","14","10","8","9","14","12","15","6","6","18","19","13","12","17","9","19","25","12","11",FALSE
"ID0055","Habitante_55",36,"M",NA,NA,"12","14","14","19","15","12","23","19","19","11","26","29","26","21","10","11","6","5","28","21","14","15","12","13","8","6","11","12","13","6","11","10","10","10","16","13","22","25","10","9",FALSE
"ID0056","Habitante_56",21,"F","ID0042","ID0191","19","19","17","14","15","14","26","21","19","10","37","26","26","11","14","9","5","9","27","22","14","15","9","11","9","13","9","9","6","6","14","13","10","12","17","17","22","19","8","10",TRUE
"ID0057","Habitante_57",57,"M",NA,NA,"19","19","17","14","8","8","28","19","13","12","38","30","25","17","10","14","6","5","30","27","12","7","13","15","11","13","12","9","7","6","19","14","11","8","9","14","20","23","19","8",FALSE
"ID0058","Habitante_58",59,"F",NA,NA,"19","14","17","19","15","15","23","24","15","19","26","31","14","17","14","14","6","7","26","21","8","11","11","11","8","9","8","9","6","6","10","19","9","11","17","19","20","20","8","8",TRUE
"ID0059","Habitante_59",54,"M",NA,NA,"19","14","17","17","8","14","17","15","16","13","36","34","11","14","17","12","9","7","30","21","13","8","9","15","13","6","10","13","6","11","12","10","16","12","13","12","23","15","10","17",FALSE
"ID0060","Habitante_60",42,"M",NA,NA,"19","19","14","19","14","15","15","23","18","8","38","38","10","24","14","14","10","6","23","24","12","12","10","13","13","9","14","13","6","6","16","13","9","10","10","11","19","18","8","8",FALSE
"ID0061","Habitante_61",53,"M",NA,NA,"19","14","19","17","8","13","19","17","16","14","34","24","22","14","9","12","10","6","21","23","10","8","11","12","14","13","14","9","9","9","14","13","15","12","18","17","19","23","11","19",TRUE
"ID0062","Habitante_62",57,"F",NA,NA,"12","13","19","19","13","12","15","28","11","8","27","30","19","17","9","14","6","9","21","23","9","14","9","9","13","13","11","14","6","6","11","13","16","9","14","18","17","19","15","19",FALSE
"ID0063","Habitante_63",29,"M","ID0168","ID0226","14","14","14","19","8","9","26","26","12","18","26","34","10","18","16","17","7","9","23","27","14","15","9","9","8","14","9","9","10","6","12","13","10","8","11","14","17","20","15","8",TRUE
"ID0064","Habitante_64",40,"F",NA,NA,"19","18","18","20","14","13","25","28","12","19","38","31","24","18","9","11","5","7","21","24","8","12","8","9","14","9","9","14","6","6","17","19","8","10","15","13","18","25","19","19",FALSE
"ID0065","Habitante_65",27,"M",NA,NA,"19","19","17","18","11","11","15","28","18","18","38","34","17","19","14","9","6","5","28","28","7","8","11","9","9","9","8","13","6","6","13","10","10","10","12","8","21","25","9","19",FALSE
"ID0066","Habitante_66",46,"F",NA,NA,"19","19","17","17","15","14","17","17","19","13","33","34","22","26","9","14","5","10","29","18","12","14","10","10","9","11","10","9","9","7","16","18","15","10","13","19","16","25","17","8",FALSE
"ID0067","Habitante_67",31,"F","ID0285","ID0266","19","17","19","14","15","13","24","28","15","14","34","34","17","22","9","13","6","6","20","21","11","12","9","13","12","14","13","13","6","12","11","11","12","10","19","18","17","25","11","10",TRUE
"ID0068","Habitante_68",67,"M",NA,NA,"19","19","17","17","13","8","19","16","12","19","32","30","14","11","17","14","6","5","28","21","9","8","10","11","11","12","16","12","7","6","11","16","11","14","9","9","17","20","10","15",TRUE
"ID0069","Habitante_69",45,"M",NA,NA,"19","14","17","19","13","12","23","17","19","11","25","26","10","25","14","11","10","5","23","29","12","9","8","10","13","15","9","14","6","10","14","16","10","12","18","18","23","21","8","8",FALSE
"ID0070","Habitante_70",57,"M",NA,NA,"18","14","17","14","8","8","17","26","12","17","38","34","21","10","11","9","9","7","21","26","12","9","9","9","12","12","13","14","6","10","13","10","10","9","19","19","23","17","17","11",TRUE
"ID0071","Habitante_71",68,"F",NA,NA,"19","19","19","17","8","15","21","21","16","9","27","38","22","25","10","15","5","10","26","21","8","14","10","15","14","14","9","12","6","10","11","13","15","10","18","12","23","22","19","8",FALSE
"ID0072","Habitante_72",61,"F",NA,NA,"19","15","17","17","8","12","24","23","11","12","36","24","25","22","9","14","7","6","21","26","8","12","9","9","9","10","10","13","7","6","13","19","12","10","12","18","17","25","16","11",TRUE
"ID0073","Habitante_73",25,"M","ID0264","ID0359","19","14","19","19","13","15","22","23","12","13","38","36","22","14","14","9","6","9","30","21","12","12","13","9","10","11","9","13","6","6","16","19","15","8","17","14","21","21","9","19",TRUE
"ID0074","Habitante_74",45,"F",NA,NA,"19","19","18","17","8","8","23","28","14","18","24","32","19","11","17","12","5","6","24","26","8","7","10","9","10","11","9","13","10","6","19","13","9","9","10","12","20","21","10","9",FALSE
"ID0075","Habitante_75",36,"M","ID0336","ID0344","19","13","19","17","13","14","19","22","10","12","30","33","22","10","12","10","5","5","27","23","8","9","9","13","13","14","15","10","6","10","13","10","12","12","12","14","17","25","12","17",TRUE
"ID0076","Habitante_76",51,"F",NA,NA,"19","14","18","17","12","13","19","17","11","11","24","27","19","10","13","10","10","9","23","21","12","8","13","13","11","15","13","13","10","11","13","13","13","10","10","9","22","23","16","8",TRUE
"ID0077","Habitante_77",59,"M",NA,NA,"14","16","19","14","13","9","17","25","15","14","38","38","25","21","16","12","7","6","23","27","12","9","10","13","9","8","9","9","8","6","18","10","10","8","12","18","19","20","19","10",FALSE
"ID0078","Habitante_78",32,"F","ID0016","ID0300","19","14","19","18","15","9","25","19","9","13","29","31","24","11","14","10","5","5","29","19","8","14","10","10","11","13","13","9","7","11","11","13","9","10","14","13","17","17","11","12",TRUE
"ID0079","Habitante_79",25,"M","ID0196","ID0007","19","19","17","19","12","15","26","15","19","14","26","38","15","9","12","12","5","8","23","27","10","8","10","9","12","9","11","12","6","9","17","10","15","12","18","16","23","15","9","11",TRUE
"ID0080","Habitante_80",34,"F","ID0126","ID0122","16","19","17","17","15","11","15","17","18","18","29","30","14","26","14","12","9","7","30","21","12","9","10","9","12","8","15","9","9","6","18","19","9","8","12","14","16","24","9","8",TRUE
"ID0081","Habitante_81",25,"F","ID0070","ID0210","18","14","19","14","12","13","28","19","18","11","26","38","17","25","12","14","6","5","21","23","15","8","9","13","10","10","8","9","6","10","20","10","15","9","15","14","23","20","8","9",TRUE
"ID0082","Habitante_82",62,"M",NA,NA,"14","12","18","17","12","12","26","26","19","18","27","30","13","25","9","10","5","5","23","28","11","8","9","9","6","13","9","9","7","7","14","13","9","12","9","19","20","20","17","15",TRUE
"ID0083","Habitante_83",40,"F",NA,NA,"14","15","17","17","8","8","21","23","11","14","38","24","21","22","12","14","6","9","20","23","8","8","9","9","14","7","12","8","7","6","13","10","15","12","11","9","16","23","8","12",FALSE
"ID0084","Habitante_84",20,"M","ID0256","ID0046","14","19","19","17","11","15","28","23","13","9","24","26","9","17","17","10","7","5","26","24","14","12","9","10","9","13","12","11","11","10","13","13","11","10","10","17","15","17","17","19",TRUE
"ID0085","Habitante_85",50,"M",NA,NA,"19","13","14","19","8","12","19","19","12","8","24","27","22","26","11","10","9","6","24","29","11","9","10","10","14","9","12","8","6","6","19","13","15","10","11","17","16","24","11","19",TRUE
"ID0086","Habitante_86",49,"M",NA,NA,"12","19","19","17","14","8","22","28","18","19","24","38","22","11","16","17","10","6","21","21","15","11","15","9","13","14","9","9","7","10","13","20","10","13","18","18","17","20","8","8",TRUE
"ID0087","Habitante_87",26,"M","ID0166","ID0204","14","15","14","17","8","9","15","17","19","14","33","31","9","10","17","17","7","6","23","20","13","8","15","10","13","12","12","11","6","13","13","13","9","15","13","12","20","20","8","12",TRUE
"ID0088","Habitante_88",66,"F",NA,NA,"17","16","18","18","8","12","24","26","19","9","34","33","17","22","9","12","6","7","20","29","9","11","10","10","11","10","13","7","6","6","11","11","9","13","18","19","23","20","9","8",FALSE
"ID0089","Habitante_89",34,"F",NA,NA,"14","19","17","19","13","13","15","23","11","9","28","26","22","10","9","10","5","5","23","21","13","15","15","9","9","14","13","15","6","11","17","13","13","10","18","14","16","25","10","13",FALSE
"ID0090","Habitante_90",52,"M",NA,NA,"13","19","19","17","8","13","25","22","19","15","29","37","21","26","12","10","10","7","29","19","15","7","10","9","9","11","15","12","6","10","13","10","10","13","9","16","17","25","16","8",FALSE
"ID0091","Habitante_91",43,"M",NA,NA,"14","14","17","17","14","8","22","19","18","16","36","38","19","15","16","15","10","5","18","28","12","13","10","9","14","13","11","15","6","9","13","10","10","10","18","12","20","21","8","12",FALSE
"ID0092","Habitante_92",28,"M","ID0085","ID0052","13","19","19","17","8","9","19","19","12","19","27","31","22","19","10","10","6","7","29","20","9","12","10","9","14","9","12","15","6","9","19","13","15","10","17","18","24","15","11","15",TRUE
"ID0093","Habitante_93",67,"F",NA,NA,"19","19","15","14","8","8","22","22","13","12","30","30","18","22","12","14","9","7","28","30","8","8","9","9","9","8","16","9","6","10","18","13","14","12","17","13","24","24","11","13",FALSE
"ID0094","Habitante_94",60,"F",NA,NA,"19","13","17","18","12","8","17","26","14","11","38","37","21","25","10","11","5","9","19","19","8","13","9","10","9","9","15","8","10","10","13","13","12","9","8","18","23","25","16","15",TRUE
"ID0095","Habitante_95",47,"F",NA,NA,"16","16","17","19","8","12","23","23","8","10","33","34","19","19","14","14","7","9","24","27","9","8","10","12","9","12","12","11","10","6","13","19","10","10","14","18","17","22","9","8",FALSE
"ID0096","Habitante_96",57,"M",NA,NA,"12","14","14","17","15","8","21","25","18","8","31","34","9","11","10","11","9","7","23","27","7","12","13","10","9","9","15","12","9","11","13","13","11","13","11","19","17","16","19","14",TRUE
"ID0097","Habitante_97",34,"M",NA,NA,"14","19","20","17","8","15","17","18","13","12","37","38","26","11","9","14","10","7","21","27","7","10","8","9","9","12","13","14","6","6","11","10","12","12","10","14","25","15","8","9",FALSE
"ID0098","Habitante_98",50,"M",NA,NA,"19","16","21","19","15","12","26","22","18","13","29","24","13","10","11","14","7","10","21","26","11","11","10","10","13","14","8","15","10","6","13","13","12","10","14","14","25","19","19","15",FALSE
"ID0099","Habitante_99",78,"M",NA,NA,"18","14","19","14","12","14","25","23","12","13","31","29","16","25","14","17","9","6","28","29","12","8","10","10","15","13","9","12","6","13","16","13","10","15","14","11","25","20","12","10",FALSE
"ID0100","Habitante_100",50,"M",NA,NA,"19","15","17","17","15","12","21","25","13","18","34","24","14","17","12","10","7","10","23","24","12","7","13","9","8","7","9","15","6","10","12","13","10","10","12","18","23","25","11","11",FALSE
"ID0101","Habitante_101",18,"M","ID0352","ID0222","19","14","18","17","13","15","23","28","11","14","30","27","14","14","11","9","5","6","27","27","7","12","11","13","11","9","9","9","10","6","11","13","12","10","19","18","21","25","8","10",TRUE
"ID0102","Habitante_102",59,"F",NA,NA,"16","16","14","14","15","14","28","19","18","11","34","26","21","17","9","13","9","9","21","26","11","12","9","9","9","13","9","15","9","6","10","19","14","10","8","14","16","25","16","15",FALSE
"ID0103","Habitante_103",56,"M",NA,NA,"19","19","19","17","11","14","19","17","14","10","33","32","19","14","17","17","5","5","30","23","12","12","9","12","12","13","14","9","13","6","17","19","12","8","13","19","23","25","10","19",FALSE
"ID0104","Habitante_104",39,"M",NA,NA,"13","18","19","19","9","13","15","23","18","18","30","30","17","9","14","16","9","11","23","21","9","13","13","15","8","12","9","13","10","7","13","17","9","10","13","17","24","19","15","16",TRUE
"ID0105","Habitante_105",40,"F",NA,NA,"14","19","20","17","15","14","15","25","19","18","30","24","17","22","14","15","9","7","30","23","12","8","10","15","15","14","9","12","6","9","13","10","12","12","18","9","17","17","8","10",FALSE
"ID0106","Habitante_106",78,"M",NA,NA,"15","19","14","17","14","12","21","19","14","15","38","24","23","18","12","9","10","5","27","27","12","15","9","11","7","11","9","13","6","6","13","20","12","10","19","19","17","23","15","11",TRUE
"ID0107","Habitante_107",52,"F",NA,NA,"14","19","17","17","8","13","21","23","11","12","27","26","9","14","10","11","9","7","23","23","8","12","10","10","11","9","13","13","10","7","13","13","9","12","9","14","15","17","12","10",FALSE
"ID0108","Habitante_108",56,"M",NA,NA,"19","19","14","17","8","15","22","19","12","12","34","29","14","21","9","16","7","5","23","23","11","11","15","11","14","8","13","13","6","6","13","20","12","12","10","10","25","25","9","8",FALSE
"ID0109","Habitante_109",46,"M",NA,NA,"17","19","19","19","13","15","22","25","14","19","38","36","9","10","9","11","6","10","21","23","12","9","9","9","14","9","11","7","6","6","13","10","10","15","9","14","25","20","12","9",TRUE
"ID0110","Habitante_110",18,"F","ID0223","ID0030","12","16","17","17","12","14","21","22","9","16","37","38","17","23","16","12","6","5","22","21","8","7","9","15","11","11","9","7","6","6","13","13","9","12","17","11","20","20","17","19",TRUE
"ID0111","Habitante_111",32,"F",NA,NA,"19","14","18","19","15","13","24","20","12","8","30","38","22","21","11","16","7","5","21","29","12","14","15","10","13","13","13","9","6","6","13","19","10","15","19","14","17","23","9","15",FALSE
"ID0112","Habitante_112",23,"M","ID0070","ID0210","19","19","18","18","11","8","20","25","14","13","27","30","23","17","11","14","6","5","24","21","15","15","13","9","8","8","15","12","7","10","13","13","13","10","17","17","17","25","11","12",TRUE
"ID0113","Habitante_113",39,"M",NA,NA,"16","18","17","17","8","11","28","17","14","9","30","29","22","19","12","9","10","7","21","23","8","7","13","15","12","9","13","15","7","9","10","13","9","16","19","17","17","23","19","9",TRUE
"ID0114","Habitante_114",58,"F",NA,NA,"19","19","14","17","8","12","26","21","15","19","24","37","13","16","14","11","6","5","23","29","15","8","9","10","13","13","15","14","10","9","16","10","12","17","17","9","24","15","10","10",FALSE
"ID0115","Habitante_115",28,"F","ID0070","ID0007","14","17","17","17","8","11","26","15","17","14","34","38","10","10","9","14","9","10","26","19","12","11","9","13","12","9","14","9","10","6","13","10","9","10","19","17","17","22","17","11",TRUE
"ID0116","Habitante_116",65,"M",NA,NA,"16","12","14","19","8","13","19","26","11","13","28","33","22","21","12","14","6","10","24","24","12","8","11","9","11","13","9","12","8","6","19","13","10","12","18","14","22","19","15","10",FALSE
"ID0117","Habitante_117",31,"F",NA,NA,"19","19","21","19","8","12","19","23","19","13","34","33","21","26","12","11","5","7","20","21","8","11","15","10","12","8","13","12","10","6","12","10","12","8","14","19","17","25","11","9",FALSE
"ID0118","Habitante_118",32,"M","ID0168","ID0226","16","14","14","14","15","12","23","22","16","11","37","37","16","18","11","9","9","7","30","21","11","9","11","13","15","14","12","9","9","10","10","13","11","8","16","11","23","17","10","11",TRUE
"ID0119","Habitante_119",33,"M",NA,NA,"12","14","19","14","12","15","17","15","9","8","38","27","17","25","17","13","6","7","23","21","9","11","11","13","11","9","7","9","10","6","13","19","11","9","17","8","24","20","11","10",FALSE
"ID0120","Habitante_120",26,"M","ID0042","ID0011","19","14","17","14","12","15","28","17","12","18","29","38","26","27","14","17","5","5","30","27","14","10","15","10","13","13","9","8","6","7","10","13","9","8","12","9","23","19","16","10",TRUE
"ID0121","Habitante_121",44,"M",NA,NA,"19","14","19","18","12","8","28","24","19","10","30","24","21","22","9","11","5","9","27","25","13","12","10","13","13","14","9","13","6","6","19","20","13","12","10","12","21","22","12","10",TRUE
"ID0122","Habitante_122",62,"F",NA,NA,"19","19","14","19","8","13","17","19","12","13","38","24","9","17","14","10","10","8","29","27","15","9","9","13","12","12","13","12","10","6","18","13","10","12","18","17","21","17","9","9",TRUE
"ID0123","Habitante_123",18,"M","ID0113","ID0058","16","19","17","17","11","15","17","23","14","15","29","26","19","14","9","14","7","7","23","21","8","11","13","11","12","9","15","8","7","6","10","10","9","11","19","17","23","20","19","8",TRUE
"ID0124","Habitante_124",49,"F",NA,NA,"14","16","17","17","13","8","21","24","12","18","30","27","14","11","17","9","9","6","26","27","7","12","9","10","9","11","13","12","6","6","10","13","13","10","19","18","20","17","12","12",TRUE
"ID0125","Habitante_125",59,"M",NA,NA,"16","19","21","17","11","12","28","25","13","17","34","29","22","22","14","16","5","5","19","22","8","8","10","9","11","12","15","9","9","6","13","11","11","12","18","11","15","24","10","19",FALSE
"ID0126","Habitante_126",55,"M",NA,NA,"19","19","14","17","15","11","28","28","15","12","29","24","17","18","9","16","6","9","21","28","15","9","10","10","15","8","15","13","9","10","11","13","15","10","13","11","25","16","9","9",TRUE
"ID0127","Habitante_127",28,"M","ID0085","ID0052","19","14","19","17","12","9","19","19","12","19","27","38","22","11","10","13","9","7","24","20","11","15","10","9","9","9","8","15","6","9","13","19","15","10","17","17","16","20","19","8",TRUE
"ID0128","Habitante_128",43,"M",NA,NA,"14","19","20","18","8","15","22","17","18","16","34","31","10","14","11","14","6","9","19","30","11","11","9","13","9","9","8","7","6","9","11","17","11","10","11","18","20","25","19","9",FALSE
"ID0129","Habitante_129",45,"M",NA,NA,"19","19","15","18","13","15","19","21","8","11","33","32","18","17","16","17","6","5","28","21","14","8","10","13","8","13","12","11","6","6","13","13","15","10","14","17","20","23","18","10",FALSE
"ID0130","Habitante_130",24,"M","ID0251","ID0046","19","19","19","17","11","8","17","20","8","13","33","33","25","27","15","11","5","9","26","21","8","12","9","11","11","8","15","9","6","6","17","11","15","12","18","16","19","20","13","12",TRUE
"ID0131","Habitante_131",35,"M",NA,NA,"14","19","18","17","8","13","18","23","19","14","36","31","16","25","11","17","7","9","21","23","12","8","11","10","6","11","8","8","9","11","10","19","12","15","18","14","17","21","15","11",FALSE
"ID0132","Habitante_132",35,"F",NA,NA,"19","19","19","17","15","15","20","24","18","18","33","33","11","10","10","14","6","10","19","24","15","8","9","13","14","9","11","8","7","7","19","13","10","15","17","19","22","23","16","16",FALSE
"ID0133","Habitante_133",53,"F",NA,NA,"12","14","17","19","9","15","26","16","16","18","32","30","17","13","16","14","9","9","26","19","14","11","12","13","9","14","9","9","6","9","19","10","12","16","19","17","20","17","12","19",FALSE
"ID0134","Habitante_134",18,"F","ID0068","ID0124","19","14","17","17","8","8","19","24","12","18","30","30","11","11","14","17","5","9","28","26","8","7","11","9","12","11","16","12","6","6","16","10","11","10","9","19","17","20","15","12",TRUE
"ID0135","Habitante_135",24,"F","ID0163","ID0257","19","19","17","19","14","15","17","16","19","11","38","29","10","22","14","12","5","9","21","23","7","12","12","10","7","9","9","15","6","9","19","19","16","13","18","18","17","19","12","15",TRUE
"ID0136","Habitante_136",35,"M",NA,NA,"16","14","17","17","11","15","24","17","10","18","33","30","16","11","15","14","7","5","23","19","9","9","10","11","11","11","9","14","11","6","13","13","12","12","11","15","19","25","11","15",FALSE
"ID0137","Habitante_137",51,"M",NA,NA,"19","19","17","17","14","8","21","21","14","8","38","34","11","11","14","14","6","7","29","23","11","8","10","9","11","12","15","8","6","6","13","19","10","10","9","17","23","23","10","11",FALSE
"ID0138","Habitante_138",36,"M",NA,NA,"19","19","18","18","14","13","17","19","14","12","38","37","23","22","15","12","7","8","21","23","15","8","10","9","8","14","9","15","9","7","18","10","8","10","12","17","22","23","8","11",FALSE
"ID0139","Habitante_139",56,"M",NA,NA,"12","12","17","17","15","12","22","21","10","11","38","33","13","19","16","17","10","5","19","29","14","9","15","9","8","12","15","13","6","10","13","14","12","9","18","11","17","25","11","8",FALSE
"ID0140","Habitante_140",43,"F",NA,NA,"12","16","17","19","15","14","26","22","19","12","25","28","26","9","11","12","10","9","19","21","12","14","9","12","13","11","8","7","6","6","13","13","8","11","17","17","23","17","10","19",TRUE
"ID0141","Habitante_141",23,"F","ID0085","ID0247","19","19","17","17","8","12","21","28","11","8","26","24","10","25","14","9","5","5","27","21","15","8","15","11","15","15","13","8","6","6","10","10","8","10","11","10","25","21","11","15",TRUE
"ID0142","Habitante_142",57,"M",NA,NA,"19","19","17","17","15","8","22","15","14","12","26","24","11","25","17","9","5","6","20","23","13","11","15","15","13","11","13","15","6","10","13","18","12","13","12","10","22","20","8","15",TRUE
"ID0143","Habitante_143",44,"F",NA,NA,"19","19","17","14","8","13","21","21","11","14","30","26","14","11","9","9","6","9","19","21","12","15","11","15","12","8","7","15","6","6","13","19","12","11","14","17","23","18","19","11",FALSE
"ID0144","Habitante_144",19,"M","ID0104","ID0158","16","14","19","20","11","8","22","17","19","19","38","26","14","22","14","12","9","7","29","30","7","15","15","9","9","11","12","12","11","6","14","13","12","9","11","9","20","25","9","19",TRUE
"ID0145","Habitante_145",51,"M",NA,NA,"15","14","19","17","14","13","17","16","12","16","32","31","21","26","13","9","10","9","27","28","11","13","14","9","7","8","13","9","10","7","13","19","10","16","17","17","23","21","16","11",FALSE
"ID0146","Habitante_146",43,"M",NA,NA,"14","14","19","19","15","12","22","20","17","18","26","38","9","25","9","9","6","7","27","24","7","11","14","13","9","11","16","13","6","10","11","13","12","13","13","19","16","20","8","11",FALSE
"ID0147","Habitante_147",49,"F",NA,NA,"14","14","17","19","15","14","15","24","19","13","29","34","27","22","14","9","9","7","21","18","12","9","15","15","7","11","12","8","9","6","18","13","8","12","14","16","25","19","15","15",FALSE
"ID0148","Habitante_148",72,"M",NA,NA,"19","18","17","19","15","8","19","15","13","15","38","27","14","26","13","9","7","6","21","21","12","8","10","13","14","12","15","9","6","6","13","13","12","15","14","18","21","17","15","8",FALSE
"ID0149","Habitante_149",43,"M",NA,NA,"19","19","14","19","12","11","23","26","19","9","30","37","22","17","11","13","10","5","29","21","12","9","9","10","6","12","16","12","6","8","16","14","9","15","19","8","25","19","8","11",FALSE
"ID0150","Habitante_150",25,"M","ID0398","ID0024","16","19","17","20","11","15","15","17","14","14","30","24","24","23","9","15","9","6","23","23","12","12","11","9","11","9","13","11","6","6","10","18","10","12","9","17","20","22","17","15",TRUE
"ID0151","Habitante_151",63,"F",NA,NA,"19","19","17","18","11","12","15","17","14","18","29","29","13","17","16","12","6","6","23","21","12","7","14","11","14","11","14","8","11","6","16","10","9","12","17","17","17","17","12","17",TRUE
"ID0152","Habitante_152",36,"F",NA,NA,"15","19","17","14","9","8","15","19","16","14","38","33","18","11","14","12","7","6","21","21","7","9","10","15","9","9","13","9","6","6","13","11","15","8","18","19","23","17","8","10",FALSE
"ID0153","Habitante_153",35,"F",NA,NA,"18","19","18","19","8","8","21","17","18","10","38","30","11","22","17","14","6","5","24","29","8","15","13","10","6","10","7","9","10","7","13","20","10","15","9","12","23","24","10","8",FALSE
"ID0154","Habitante_154",57,"F",NA,NA,"19","19","19","19","13","14","15","28","8","19","33","32","14","22","15","14","5","5","20","20","10","7","14","10","11","14","8","10","6","7","13","16","10","9","10","9","23","16","16","11",FALSE
"ID0155","Habitante_155",38,"M",NA,NA,"12","19","17","17","15","14","23","28","18","12","30","38","16","19","14","17","6","7","21","23","10","9","10","9","13","14","13","9","9","6","13","13","13","12","14","19","25","23","11","10",FALSE
"ID0156","Habitante_156",39,"F","ID0016","ID0151","19","19","19","18","14","11","19","15","19","18","30","29","13","17","10","12","6","6","30","21","8","7","15","11","9","11","12","14","7","11","11","10","8","9","9","17","17","17","9","12",TRUE
"ID0157","Habitante_157",43,"F",NA,NA,"19","19","14","17","13","12","28","16","12","12","26","29","19","10","14","11","5","5","30","21","14","8","11","10","11","13","11","12","6","10","11","13","15","15","17","11","23","23","8","15",FALSE
"ID0158","Habitante_158",63,"F",NA,NA,"14","19","18","20","15","8","16","17","11","12","33","33","10","14","9","11","7","7","21","27","8","15","12","9","12","9","8","9","6","10","19","13","10","10","17","17","15","22","10","8",TRUE
"ID0159","Habitante_159",49,"M",NA,NA,"19","14","19","17","15","14","24","18","8","11","33","38","11","11","16","17","6","5","20","28","7","14","9","10","9","8","9","7","6","10","13","19","12","11","18","18","17","20","15","19",FALSE
"ID0160","Habitante_160",44,"M",NA,NA,"19","14","17","19","9","13","22","25","18","13","32","25","21","21","10","14","5","6","21","19","8","8","8","9","11","7","8","8","10","6","13","13","8","12","18","9","25","17","16","9",FALSE
"ID0161","Habitante_161",64,"M",NA,NA,"13","19","17","17","15","10","24","22","8","14","38","31","13","21","15","12","5","6","30","23","7","11","10","10","11","13","9","13","6","6","11","19","9","11","9","17","22","23","9","15",FALSE
"ID0162","Habitante_162",34,"M","ID0061","ID0027","14","18","17","19","13","13","19","26","16","12","24","29","14","22","9","17","6","5","23","23","10","11","12","10","13","14","9","12","9","6","14","19","12","12","17","18","19","22","19","8",TRUE
"ID0163","Habitante_163",85,"M",NA,NA,"19","14","17","20","12","15","25","26","16","18","33","29","22","25","9","11","6","5","23","24","8","12","10","9","9","9","13","10","9","10","19","13","12","15","18","14","25","23","8","17",TRUE
"ID0164","Habitante_164",34,"F","ID0016","ID0381","19","19","14","17","12","15","19","17","11","15","37","33","12","11","14","14","6","10","21","23","11","7","9","13","9","8","9","15","11","9","13","11","14","12","12","12","19","17","15","11",TRUE
"ID0165","Habitante_165",37,"M",NA,NA,"14","19","19","14","12","14","26","26","13","8","26","26","25","10","12","12","5","7","30","21","15","12","10","13","11","11","9","15","6","6","13","13","11","15","18","17","25","15","11","9",FALSE
"ID0166","Habitante_166",50,"M",NA,NA,"19","18","17","19","13","8","21","26","15","18","37","38","16","17","14","9","5","7","21","28","12","8","10","11","14","15","9","13","11","6","19","13","10","12","9","19","23","17","15","12",TRUE
"ID0167","Habitante_167",30,"F","ID0380","ID0094","12","19","17","17","8","15","17","22","16","12","29","31","21","25","10","16","9","7","20","21","11","11","12","15","11","15","12","13","6","6","13","11","10","12","18","9","21","15","8","19",TRUE
"ID0168","Habitante_168",51,"M",NA,NA,"19","19","17","15","11","8","23","23","10","16","38","25","25","13","9","10","9","7","30","21","12","11","9","13","10","8","9","10","6","10","13","11","13","12","9","13","15","20","8","11",TRUE
"ID0169","Habitante_169",38,"M","ID0251","ID0300","19","16","17","19","8","11","19","15","16","12","29","30","15","25","11","13","10","9","26","20","9","12","11","12","8","14","14","9","6","9","13","13","8","10","18","10","15","22","10","9",TRUE
"ID0170","Habitante_170",47,"F",NA,NA,"19","14","19","17","15","13","28","21","8","11","31","37","20","13","15","9","7","5","23","21","11","8","9","10","12","11","13","8","7","6","13","11","12","10","10","17","17","25","17","9",TRUE
"ID0171","Habitante_171",68,"F",NA,NA,"19","16","20","17","8","8","27","24","12","19","29","34","10","17","10","10","6","6","27","27","7","7","12","12","6","11","12","7","11","6","14","13","12","8","18","17","20","17","10","11",FALSE
"ID0172","Habitante_172",51,"M",NA,NA,"19","19","19","19","8","15","28","24","12","11","28","38","13","14","11","9","10","9","27","29","15","12","10","10","8","14","13","11","7","6","19","11","15","9","13","9","20","16","8","9",FALSE
"ID0173","Habitante_173",65,"F",NA,NA,"14","19","17","19","12","15","18","15","15","18","38","38","22","9","16","14","5","9","23","26","11","12","10","13","13","9","9","9","6","7","16","13","12","10","14","17","23","15","10","17",FALSE
"ID0174","Habitante_174",55,"F",NA,NA,"19","19","19","21","14","9","25","19","15","15","34","38","10","13","9","10","9","6","26","21","8","7","10","10","14","11","12","9","6","10","19","18","14","10","18","8","20","16","9","9",FALSE
"ID0175","Habitante_175",59,"M",NA,NA,"19","19","19","19","15","15","24","28","10","19","37","34","26","10","11","9","5","5","24","19","7","15","9","10","11","9","13","13","9","6","13","13","10","12","8","14","17","17","8","17",FALSE
"ID0176","Habitante_176",45,"F",NA,NA,"14","19","18","18","8","12","23","19","19","11","38","36","21","10","17","9","10","5","21","19","7","12","10","15","9","11","9","13","12","6","19","10","12","15","18","11","20","23","19","8",FALSE
"ID0177","Habitante_177",42,"F",NA,NA,"12","19","17","19","12","13","23","24","13","19","38","37","14","18","12","16","8","10","28","27","12","7","9","13","13","11","14","9","6","6","13","13","12","13","8","17","21","17","17","11",FALSE
"ID0178","Habitante_178",36,"M",NA,NA,"19","12","17","19","11","8","28","21","8","8","24","24","14","10","9","10","5","9","23","23","9","14","9","9","9","11","12","9","10","13","10","13","9","16","18","18","19","25","11","12",FALSE
"ID0179","Habitante_179",31,"F",NA,NA,"19","12","18","19","14","12","27","15","13","10","34","33","25","25","10","16","6","5","30","21","12","9","9","10","12","8","15","7","12","8","13","13","8","10","18","14","22","17","15","12",FALSE
"ID0180","Habitante_180",26,"M","ID0121","ID0240","14","19","20","17","14","13","21","17","10","11","30","37","13","24","12","14","5","10","21","28","9","7","9","10","13","14","11","9","6","10","18","19","10","16","19","14","17","15","9","11",TRUE
"ID0181","Habitante_181",53,"M",NA,NA,"19","12","19","17","9","8","15","26","18","13","27","38","22","22","14","10","5","10","21","23","12","11","9","10","11","9","11","9","9","6","20","13","12","12","9","16","25","22","8","15",FALSE
"ID0182","Habitante_182",39,"F",NA,NA,"12","16","19","17","8","15","21","25","11","15","38","29","9","14","14","14","6","6","24","21","11","15","14","9","10","8","12","15","10","6","10","10","11","8","9","14","17","23","14","8",FALSE
"ID0183","Habitante_183",63,"F",NA,NA,"16","14","18","15","8","12","26","23","8","19","37","38","19","25","17","15","5","6","20","27","8","8","9","9","13","8","9","9","6","9","15","13","10","10","12","14","21","17","9","16",FALSE
"ID0184","Habitante_184",39,"M",NA,NA,"19","16","17","17","8","8","17","28","19","14","30","30","9","25","9","12","5","5","27","22","8","8","10","15","14","6","12","9","8","6","18","13","10","10","9","9","24","17","12","10",FALSE
"ID0185","Habitante_185",32,"F",NA,NA,"19","19","14","19","8","15","15","25","18","11","36","38","10","18","10","11","5","10","27","21","9","9","12","10","12","13","11","15","9","10","11","19","15","12","18","9","19","17","11","8",FALSE
"ID0186","Habitante_186",36,"M",NA,NA,"19","14","17","17","8","9","24","22","9","18","29","25","16","26","14","17","6","5","18","21","9","8","15","10","14","8","13","8","11","7","13","10","10","15","9","12","21","22","15","10",FALSE
"ID0187","Habitante_187",30,"M",NA,NA,"19","18","19","17","15","9","15","24","9","19","38","24","17","22","12","10","10","6","29","26","9","12","13","9","13","13","14","7","10","6","13","13","12","15","9","9","18","23","11","10",FALSE
"ID0188","Habitante_188",24,"F","ID0109","ID0324","19","19","17","18","15","12","22","21","14","19","35","38","18","25","9","15","6","6","23","23","8","9","10","9","9","9","15","8","7","6","11","13","12","8","18","13","23","17","19","15",TRUE
"ID0189","Habitante_189",19,"M","ID0113","ID0058","16","19","17","19","11","15","17","23","14","15","29","26","19","14","12","14","7","7","21","21","8","11","15","11","9","9","15","9","7","6","10","19","16","9","17","17","23","20","9","8",TRUE
"ID0190","Habitante_190",34,"M",NA,NA,"16","19","19","19","15","8","24","15","19","18","33","29","18","17","16","9","10","9","30","21","13","12","9","15","8","9","13","14","10","7","19","19","8","11","14","13","19","25","8","12",FALSE
"ID0191","Habitante_191",44,"F",NA,NA,"19","15","14","15","8","14","19","15","19","11","29","31","21","19","14","14","5","7","29","23","12","12","10","9","13","9","13","7","7","6","13","13","9","8","9","17","22","17","10","10",TRUE
"ID0192","Habitante_192",61,"M",NA,NA,"19","13","21","14","13","11","27","21","9","12","34","30","22","21","17","9","9","6","23","21","15","8","10","10","13","9","11","15","10","9","19","11","8","9","14","9","20","22","12","8",TRUE
"ID0193","Habitante_193",24,"M","ID0085","ID0247","19","19","21","19","8","15","25","23","12","13","25","29","16","26","17","10","9","5","18","25","8","9","15","13","11","12","15","11","10","10","16","13","15","11","18","12","25","15","9","14",TRUE
"ID0194","Habitante_194",48,"F",NA,NA,"14","19","17","14","9","15","19","22","18","12","33","24","21","10","16","12","7","6","27","24","12","13","11","11","7","14","9","13","13","6","10","13","8","15","17","17","24","23","15","15",TRUE
"ID0195","Habitante_195",76,"M",NA,NA,"19","19","14","18","8","8","27","19","15","14","30","34","13","25","17","16","5","6","23","21","11","7","15","13","13","8","14","12","6","6","13","13","12","14","18","8","23","21","13","15",FALSE
"ID0196","Habitante_196",54,"M",NA,NA,"19","15","17","14","12","14","19","28","15","19","30","38","12","14","10","14","6","7","27","27","15","11","13","10","9","9","13","11","7","7","10","10","12","12","10","18","21","24","8","8",TRUE
"ID0197","Habitante_197",47,"M",NA,NA,"19","19","17","19","13","12","21","28","18","16","33","29","19","25","9","16","10","10","23","29","8","15","9","15","14","8","13","9","7","10","13","13","12","12","9","17","25","25","8","8",FALSE
"ID0198","Habitante_198",28,"M","ID0047","ID0331","19","14","17","19","12","13","22","15","13","9","25","26","25","13","15","13","9","10","23","21","9","9","9","13","9","8","16","7","6","6","19","16","10","14","13","9","17","20","15","19",TRUE
"ID0199","Habitante_199",40,"F","ID0192","ID0295","19","19","16","18","12","12","26","28","14","19","31","33","24","19","11","12","7","6","21","21","11","11","10","10","9","12","9","9","8","10","13","13","13","10","18","18","24","23","12","10",TRUE
"ID0200","Habitante_200",48,"F",NA,NA,"17","14","18","17","15","13","28","26","13","14","33","29","9","14","9","13","7","5","26","21","7","11","11","10","8","9","14","13","6","10","18","13","9","11","17","17","18","21","8","19",FALSE
"ID0201","Habitante_201",48,"F",NA,NA,"16","19","17","18","12","15","21","16","16","11","25","33","21","13","14","17","5","5","23","21","11","9","10","9","11","14","15","12","10","10","13","13","14","9","10","17","23","25","15","10",FALSE
"ID0202","Habitante_202",37,"F",NA,NA,"12","14","19","19","12","8","23","24","16","13","29","24","26","23","17","14","7","10","27","21","14","11","10","9","11","8","15","8","9","8","13","19","9","10","17","19","24","15","12","8",FALSE
"ID0203","Habitante_203",52,"M",NA,NA,"16","14","14","14","12","8","15","17","14","9","30","34","23","10","9","16","5","5","23","21","7","9","11","10","9","14","12","13","10","6","10","13","12","12","17","19","25","17","11","8",FALSE
"ID0204","Habitante_204",48,"F",NA,NA,"16","19","14","19","9","15","25","21","15","13","38","38","19","16","9","9","5","5","28","20","8","12","11","9","14","14","15","7","9","6","19","14","9","12","9","14","17","17","10","12",TRUE
"ID0205","Habitante_205",34,"M","ID0142","ID0208","19","19","18","19","10","14","21","22","14","19","38","26","22","10","9","14","7","5","21","30","8","12","12","11","15","6","12","12","7","6","10","19","15","9","18","17","22","25","12","12",TRUE
"ID0206","Habitante_206",70,"F",NA,NA,"16","16","16","17","12","15","25","24","15","19","25","25","25","18","14","10","5","7","19","21","15","11","11","9","12","8","8","12","6","6","10","10","13","10","17","17","20","17","12","9",FALSE
"ID0207","Habitante_207",18,"F","ID0196","ID0007","15","17","17","17","12","11","28","15","19","14","38","33","12","10","14","14","6","10","27","19","15","11","10","13","9","9","13","9","7","6","10","10","12","12","18","17","24","19","8","10",TRUE
"ID0208","Habitante_208",54,"F",NA,NA,"19","18","17","14","13","8","17","24","19","18","24","30","14","21","9","9","9","5","24","28","8","7","9","13","7","11","13","13","10","10","13","13","10","10","18","9","17","23","8","8",TRUE
"ID0209","Habitante_209",44,"M",NA,NA,"14","14","19","14","13","14","22","26","18","10","33","29","12","13","12","12","7","5","23","28","8","12","13","9","8","14","13","12","9","6","11","13","8","10","8","9","16","21","14","15",FALSE
"ID0210","Habitante_210",43,"F","ID0016","ID0300","18","19","17","14","12","14","16","23","14","13","29","29","19","22","11","12","7","6","21","21","9","8","13","10","8","11","13","7","10","6","13","10","9","9","11","12","19","20","16","11",TRUE
"ID0211","Habitante_211",23,"M","ID0042","ID0191","19","15","17","15","12","8","28","19","12","19","31","31","18","21","14","14","5","5","19","23","14","12","12","10","13","9","10","7","6","6","17","13","10","9","12","17","23","17","16","10",TRUE
"ID0212","Habitante_212",46,"F",NA,NA,"19","19","19","19","15","15","28","23","10","9","38","33","27","12","9","11","5","7","23","20","13","7","10","15","12","13","15","12","10","7","10","10","10","10","11","9","25","21","9","8",FALSE
"ID0213","Habitante_213",21,"F","ID0113","ID0076","16","14","17","18","8","12","28","19","9","11","30","24","22","10","9","13","7","9","21","23","7","8","13","13","9","15","15","13","7","10","10","13","16","13","19","10","23","22","19","16",TRUE
"ID0214","Habitante_214",23,"M","ID0047","ID0359","14","19","20","17","15","14","28","26","11","9","32","30","10","26","16","10","5","9","23","21","8","10","9","9","12","9","15","9","11","6","18","17","12","12","14","17","15","16","11","13",TRUE
"ID0215","Habitante_215",41,"F",NA,NA,"15","19","21","17","15","8","21","22","14","14","29","28","14","9","11","14","9","6","19","27","7","9","9","10","13","10","9","9","10","9","19","10","10","9","12","12","20","17","10","10",FALSE
"ID0216","Habitante_216",56,"M",NA,NA,"19","14","14","21","15","15","19","25","13","18","36","31","26","21","12","10","11","10","30","20","15","8","10","13","8","13","12","13","10","6","19","19","12","13","14","9","17","21","16","10",FALSE
"ID0217","Habitante_217",21,"M","ID0256","ID0046","12","16","15","14","8","12","25","26","13","19","33","28","16","13","14","10","7","5","27","19","8","9","9","13","9","8","12","9","10","10","11","13","10","15","18","18","22","23","15","8",TRUE
"ID0218","Habitante_218",42,"F",NA,NA,"19","15","21","14","13","15","20","28","19","10","38","24","10","12","13","12","6","6","23","23","12","7","9","12","11","14","9","13","6","6","12","11","12","16","18","19","16","22","12","9",FALSE
"ID0219","Habitante_219",50,"M",NA,NA,"12","14","19","14","13","8","28","25","19","13","27","37","11","22","11","10","7","5","23","21","12","8","9","10","7","13","9","9","6","10","10","13","15","12","18","11","20","24","19","8",FALSE
"ID0220","Habitante_220",22,"F","ID0121","ID0240","19","19","19","16","14","14","26","15","19","19","26","26","21","17","10","16","6","7","21","30","9","13","11","9","11","9","13","14","6","6","13","11","16","12","12","17","15","23","17","15",TRUE
"ID0221","Habitante_221",38,"F",NA,NA,"14","19","14","19","8","13","28","25","14","10","26","38","11","21","14","10","10","5","30","21","7","12","13","10","14","14","13","13","6","11","18","11","12","13","12","9","22","20","13","15",FALSE
"ID0222","Habitante_222",56,"F",NA,NA,"19","19","19","19","8","12","25","15","18","19","31","30","22","22","9","12","5","6","23","27","14","11","9","9","12","10","13","15","11","9","13","15","10","9","13","12","19","15","16","19",TRUE
"ID0223","Habitante_223",46,"M",NA,NA,"16","16","19","19","12","8","22","23","19","14","31","36","17","10","10","14","11","6","23","30","7","7","9","10","13","10","9","9","6","6","13","10","11","9","11","17","24","17","16","8",TRUE
"ID0224","Habitante_224",65,"M",NA,NA,"14","19","19","17","8","9","25","23","8","15","38","37","21","10","10","12","5","9","23","29","14","13","10","15","8","8","9","9","11","6","10","19","10","10","12","12","25","20","19","8",FALSE
"ID0225","Habitante_225",35,"M","ID0142","ID0208","19","19","17","17","8","8","22","17","12","18","24","30","25","21","17","9","5","5","20","24","13","7","15","13","11","7","13","13","6","10","18","13","12","10","10","18","20","23","8","8",TRUE
"ID0226","Habitante_226",55,"F",NA,NA,"19","19","14","14","8","12","19","26","18","8","30","28","21","22","11","10","11","5","21","29","15","12","10","9","12","12","7","14","6","6","13","10","9","12","14","18","15","20","11","8",TRUE
"ID0227","Habitante_227",19,"M","ID0352","ID0222","12","19","18","17","15","8","25","16","18","18","35","34","18","21","12","12","7","5","29","23","9","9","10","12","13","9","12","13","6","6","20","13","10","13","10","10","22","23","8","15",TRUE
"ID0228","Habitante_228",40,"F",NA,NA,"16","16","17","17","11","9","21","27","13","18","38","27","22","10","12","14","6","5","28","28","8","15","9","10","13","14","13","12","8","6","13","10","12","12","8","8","25","17","19","12",FALSE
"ID0229","Habitante_229",70,"F",NA,NA,"19","19","18","21","8","8","28","26","9","19","31","33","20","24","16","11","7","5","23","21","8","14","8","11","10","10","15","11","7","6","13","13","12","9","12","13","17","17","9","11",TRUE
"ID0230","Habitante_230",53,"M",NA,NA,"15","19","19","14","15","15","23","22","16","18","28","34","22","27","15","9","5","11","21","21","9","8","14","13","13","12","13","13","10","6","13","11","10","10","8","9","23","24","12","15",FALSE
"ID0231","Habitante_231",27,"F","ID0086","ID0384","19","18","19","14","13","14","25","23","14","16","26","38","22","21","9","14","9","7","21","21","8","8","13","12","8","13","13","13","9","9","13","17","9","9","12","18","24","17","19","8",TRUE
"ID0232","Habitante_232",67,"F",NA,NA,"19","19","17","19","8","8","16","21","12","11","38","29","25","10","14","14","5","9","19","24","12","15","10","9","12","9","13","9","6","6","11","10","13","13","10","9","22","17","11","9",FALSE
"ID0233","Habitante_233",29,"M","ID0085","ID0247","19","12","14","19","8","12","21","28","11","12","29","34","21","25","10","10","7","10","24","29","10","11","12","9","11","9","9","9","7","6","13","10","9","8","10","9","23","23","9","11",TRUE
"ID0234","Habitante_234",37,"F",NA,NA,"16","19","16","19","8","9","15","20","14","12","33","24","14","18","14","17","10","5","27","23","15","12","10","10","15","15","7","15","10","9","10","13","12","16","9","12","20","22","12","9",FALSE
"ID0235","Habitante_235",42,"F",NA,NA,"19","19","17","19","8","15","17","17","18","19","38","26","23","26","9","13","7","5","23","23","13","8","11","8","6","8","14","13","9","6","10","16","12","12","8","18","23","22","10","8",TRUE
"ID0236","Habitante_236",39,"F",NA,NA,"14","12","19","19","12","9","21","25","19","18","37","29","17","22","14","14","5","10","29","27","12","12","13","9","12","7","13","13","9","6","11","10","12","15","17","18","23","17","19","11",FALSE
"ID0237","Habitante_237",47,"F",NA,NA,"14","14","19","19","15","15","23","19","14","14","32","27","13","9","9","12","5","9","27","26","11","8","8","9","13","9","13","14","6","6","13","11","10","12","12","15","23","17","8","10",FALSE
"ID0238","Habitante_238",29,"F","ID0380","ID0094","13","18","19","19","14","12","28","28","19","11","27","26","17","14","16","9","9","5","21","28","15","12","9","10","10","8","13","13","7","6","20","11","11","10","14","14","21","19","11","11",TRUE
"ID0239","Habitante_239",31,"F","ID0082","ID0384","19","19","20","19","13","9","21","19","18","18","32","38","17","26","10","12","7","6","20","29","13","11","11","9","12","10","13","13","6","9","16","13","9","10","10","18","23","19","11","8",TRUE
"ID0240","Habitante_240",56,"F",NA,NA,"19","14","17","17","12","15","19","28","15","9","31","38","10","17","10","9","9","5","21","26","12","12","10","9","9","12","14","13","13","9","20","13","16","15","9","17","16","20","8","19",TRUE
"ID0241","Habitante_241",35,"F","ID0106","ID0229","19","19","14","21","12","8","21","28","15","9","38","33","23","24","9","16","5","7","27","23","12","8","9","11","7","10","9","15","6","7","20","13","10","12","19","13","17","17","15","11",TRUE
"ID0242","Habitante_242",48,"M",NA,NA,"19","19","17","14","8","14","19","17","16","9","38","29","22","11","10","9","6","5","27","27","12","13","9","10","15","8","9","8","10","9","11","13","8","16","19","14","15","24","8","11",FALSE
"ID0243","Habitante_243",34,"M",NA,NA,"19","16","19","19","14","10","21","22","15","18","34","38","10","22","14","17","7","7","24","28","11","9","9","9","13","6","9","9","9","10","19","19","12","12","14","19","17","17","12","8",FALSE
"ID0244","Habitante_244",46,"M",NA,NA,"19","14","19","19","11","8","19","25","14","8","30","26","22","14","11","14","5","6","27","30","12","8","10","11","10","9","9","13","6","11","15","12","10","9","9","13","25","17","19","17",FALSE
"ID0245","Habitante_245",40,"M","ID0106","ID0229","15","19","17","21","12","8","21","28","15","9","38","31","18","24","9","16","5","5","27","21","15","8","11","11","7","10","9","11","6","7","13","13","12","9","19","13","17","17","11","11",TRUE
"ID0246","Habitante_246",43,"M",NA,NA,"19","19","19","15","15","13","16","19","19","18","37","31","19","14","9","10","7","5","26","19","8","9","15","9","7","12","15","8","6","7","11","13","10","12","13","14","22","20","8","17",FALSE
"ID0247","Habitante_247",47,"F",NA,NA,"14","19","18","17","14","11","26","28","13","13","36","30","17","25","12","9","6","7","24","19","13","12","10","11","9","8","9","8","6","10","13","13","12","8","9","13","15","20","12","12",TRUE
"ID0248","Habitante_248",75,"F",NA,NA,"19","19","19","19","11","8","23","15","15","13","38","37","18","19","9","14","5","9","20","21","14","12","13","11","6","8","11","9","6","6","13","13","10","10","10","17","19","24","12","15",FALSE
"ID0249","Habitante_249",32,"F","ID0082","ID0384","14","19","18","14","15","11","15","22","13","18","25","31","22","19","11","10","9","9","28","23","8","8","9","10","6","14","9","13","9","10","13","13","12","10","17","18","15","22","10","17",TRUE
"ID0250","Habitante_250",39,"F","ID0251","ID0046","19","17","19","21","15","11","15","16","10","19","29","34","10","22","10","14","6","7","21","27","8","15","12","9","12","7","15","15","9","6","13","13","13","8","15","18","21","21","11","8",TRUE
"ID0251","Habitante_251",68,"M",NA,NA,"14","16","19","14","15","8","21","16","16","10","33","33","22","21","14","9","6","7","23","29","12","12","13","10","14","12","14","13","6","6","17","13","10","10","14","12","15","17","10","10",TRUE
"ID0252","Habitante_252",27,"M","ID0223","ID0305","19","16","19","17","12","12","23","22","19","13","28","24","14","21","17","14","10","9","29","30","15","8","15","9","12","13","12","13","6","6","19","15","8","12","12","17","22","17","12","17",TRUE
"ID0253","Habitante_253",24,"F","ID0053","ID0271","19","19","17","19","11","12","28","23","16","18","26","25","10","12","9","11","10","7","19","20","9","15","10","9","12","14","11","8","7","6","16","13","9","12","13","16","25","22","11","12",TRUE
"ID0254","Habitante_254",72,"M",NA,NA,"18","19","20","17","13","12","19","15","12","10","28","30","11","16","12","10","7","5","20","26","14","7","14","14","6","13","9","10","11","10","13","13","12","9","10","9","19","22","8","12",FALSE
"ID0255","Habitante_255",46,"F",NA,NA,"19","14","14","17","14","9","19","19","14","16","27","34","9","17","17","14","7","9","30","29","9","15","10","9","6","9","11","13","7","9","13","13","10","15","9","17","21","23","11","12",FALSE
"ID0256","Habitante_256",45,"M",NA,NA,"14","19","19","19","15","8","28","17","18","15","34","30","26","25","10","12","11","9","23","29","8","10","13","13","6","9","14","9","6","11","13","20","8","9","18","18","17","25","11","8",TRUE
"ID0257","Habitante_257",50,"F",NA,NA,"19","19","16","19","12","11","26","26","10","14","27","29","11","23","15","9","5","9","27","23","15","15","9","10","8","9","9","13","6","9","19","19","14","10","17","18","22","17","10","11",TRUE
"ID0258","Habitante_258",40,"F",NA,NA,"19","19","14","20","12","15","25","19","12","11","38","34","13","14","16","14","5","6","23","21","7","7","10","9","13","9","9","12","10","6","10","19","12","10","18","17","20","23","16","16",FALSE
"ID0259","Habitante_259",43,"M",NA,NA,"19","19","19","19","11","8","15","23","18","15","33","33","22","10","9","11","10","5","24","30","8","13","9","11","14","11","9","13","6","9","13","14","10","11","14","8","25","25","14","11",FALSE
"ID0260","Habitante_260",73,"M",NA,NA,"19","19","17","14","8","12","25","22","14","18","38","27","26","21","12","16","5","5","28","28","12","8","9","9","12","8","9","13","10","10","16","16","16","12","11","17","17","17","12","9",FALSE
"ID0261","Habitante_261",22,"M","ID0256","ID0046","19","18","19","17","8","15","17","19","18","18","34","30","26","11","10","14","9","7","23","26","8","8","13","13","9","9","9","15","11","6","20","11","8","12","18","10","25","22","8","8",TRUE
"ID0262","Habitante_262",60,"F",NA,NA,"19","16","17","15","14","12","22","21","8","14","34","24","21","22","14","12","6","6","20","20","10","13","10","9","8","8","8","12","7","11","10","13","8","10","19","18","22","15","11","16",FALSE
"ID0263","Habitante_263",39,"M","ID0068","ID0337","14","19","19","14","12","8","25","15","13","14","33","36","17","26","9","11","9","5","21","23","8","11","14","13","14","8","9","15","6","7","13","19","10","10","19","9","17","25","9","11",TRUE
"ID0264","Habitante_264",49,"M",NA,NA,"19","13","14","17","12","8","28","22","19","9","37","31","23","15","14","17","9","5","21","23","13","8","8","9","14","11","7","9","6","6","13","11","8","8","9","18","23","21","11","8",TRUE
"ID0265","Habitante_265",53,"M",NA,NA,"19","19","17","19","15","15","22","23","15","12","31","27","18","22","14","14","7","5","23","21","8","12","9","9","11","10","9","8","6","10","10","19","13","8","18","13","17","20","12","11",FALSE
"ID0266","Habitante_266",53,"F",NA,NA,"19","19","19","19","8","11","17","18","14","11","30","37","15","15","9","14","7","5","21","26","9","15","9","10","7","11","14","9","7","8","11","14","12","10","12","17","21","23","15","19",TRUE
"ID0267","Habitante_267",42,"M","ID0251","ID0300","15","18","14","14","15","11","21","21","10","18","28","27","23","14","11","10","7","10","27","21","10","12","9","9","14","10","12","9","10","6","19","13","10","10","18","19","17","17","19","11",TRUE
"ID0268","Habitante_268",25,"M","ID0142","ID0208","19","18","17","14","8","13","22","24","14","18","24","30","11","21","9","9","6","5","23","24","11","8","15","9","11","11","15","13","10","10","18","13","13","10","10","9","22","23","15","8",TRUE
"ID0269","Habitante_269",50,"F",NA,NA,"14","19","19","19","8","14","26","17","10","18","38","34","22","22","10","9","7","9","23","20","12","7","9","10","9","14","15","9","11","10","10","19","11","10","17","12","15","17","16","15",FALSE
"ID0270","Habitante_270",51,"F",NA,NA,"19","19","19","17","12","14","15","26","10","16","36","24","25","22","12","17","5","5","28","21","9","8","10","10","11","9","15","14","6","6","20","13","12","12","19","18","21","23","8","11",FALSE
"ID0271","Habitante_271",48,"F",NA,NA,"19","19","17","17","14","14","26","17","15","12","38","28","14","18","16","12","5","5","26","19","12","11","10","13","11","14","14","15","6","10","16","13","12","10","9","14","15","21","10","8",TRUE
"ID0272","Habitante_272",60,"M",NA,NA,"19","19","19","21","13","12","19","19","18","18","33","24","22","16","11","14","5","6","24","24","7","12","10","10","15","9","13","13","6","6","13","10","9","12","10","13","23","19","9","8",FALSE
"ID0273","Habitante_273",64,"M",NA,NA,"19","12","17","17","8","15","27","23","12","13","35","35","14","25","10","14","5","9","21","26","10","7","9","13","14","9","12","15","7","10","10","13","10","13","17","9","25","23","10","15",TRUE
"ID0274","Habitante_274",43,"F",NA,NA,"16","19","19","14","15","15","28","22","16","15","33","26","19","10","17","17","5","6","21","27","12","8","12","11","11","12","9","9","6","7","13","19","12","13","8","17","24","20","12","17",FALSE
"ID0275","Habitante_275",22,"F","ID0349","ID0170","19","19","17","18","13","12","25","21","11","15","38","26","12","21","14","10","10","6","23","21","11","12","13","9","9","8","9","13","6","9","13","10","12","10","9","18","23","19","15","12",TRUE
"ID0276","Habitante_276",65,"M",NA,NA,"14","19","17","18","8","15","26","15","16","12","38","38","19","21","14","17","6","10","29","20","15","13","14","9","9","9","9","12","11","10","13","10","10","15","9","14","17","23","8","11",FALSE
"ID0277","Habitante_277",46,"M",NA,NA,"19","19","17","19","12","14","17","25","12","18","29","31","11","10","15","9","9","5","29","21","11","9","9","9","13","9","12","8","10","6","13","13","10","10","8","13","24","25","9","15",FALSE
"ID0278","Habitante_278",35,"M","ID0142","ID0208","19","18","17","14","15","8","22","24","12","19","24","30","11","21","9","9","6","9","20","24","11","8","15","13","11","11","15","13","6","10","18","13","12","10","10","9","20","17","8","8",TRUE
"ID0279","Habitante_279",36,"F",NA,NA,"16","19","18","19","8","15","16","23","19","8","24","32","22","9","14","14","7","5","20","19","13","8","10","13","14","8","8","12","6","7","19","11","10","8","10","19","23","24","16","11",FALSE
"ID0280","Habitante_280",27,"F","ID0047","ID0359","19","19","17","14","13","15","15","21","18","16","31","38","15","27","16","12","6","5","26","23","9","8","9","9","12","10","11","11","6","13","10","19","15","9","17","8","25","17","18","19",TRUE
"ID0281","Habitante_281",50,"M",NA,NA,"19","19","14","19","13","15","23","15","19","13","27","26","14","13","10","12","9","5","26","23","10","8","10","13","13","13","15","12","6","10","13","13","9","15","19","12","20","20","11","11",TRUE
"ID0282","Habitante_282",47,"F",NA,NA,"19","14","19","14","12","14","16","18","18","11","26","26","13","17","17","14","6","7","28","20","8","7","9","13","14","13","11","14","13","6","11","10","10","8","13","14","17","24","12","16",FALSE
"ID0283","Habitante_283",73,"M",NA,NA,"19","14","19","17","14","11","17","23","14","12","27","37","19","17","9","13","5","7","29","23","14","7","13","9","8","6","15","8","7","6","10","11","12","11","14","14","17","17","11","10",FALSE
"ID0284","Habitante_284",56,"M",NA,NA,"19","19","14","17","15","13","16","19","10","8","34","36","14","27","17","12","6","6","21","29","8","9","10","9","13","9","8","11","7","12","13","10","8","15","9","9","17","18","12","8",FALSE
"ID0285","Habitante_285",49,"M",NA,NA,"16","14","20","17","9","15","23","23","17","14","27","30","11","19","9","16","5","5","30","23","9","14","9","11","7","14","13","9","10","6","10","16","9","15","10","18","24","16","19","11",TRUE
"ID0286","Habitante_286",31,"F","ID0389","ID0318","12","19","14","14","15","15","17","19","12","14","38","30","26","17","12","17","11","10","27","23","15","9","10","15","10","14","11","11","6","6","19","18","12","12","13","9","24","16","15","9",TRUE
"ID0287","Habitante_287",60,"F",NA,NA,"19","14","19","19","9","15","15","22","12","19","38","26","22","10","10","16","7","6","20","21","8","11","10","10","9","8","7","7","6","6","13","13","9","10","9","19","25","20","16","12",FALSE
"ID0288","Habitante_288",29,"M","ID0068","ID0124","19","16","17","17","13","8","19","24","12","12","32","27","11","14","14","9","6","6","21","27","9","12","10","9","12","11","12","12","7","6","11","13","11","10","9","19","17","20","10","12",TRUE
"ID0289","Habitante_289",29,"M","ID0196","ID0007","19","17","17","17","14","11","19","15","15","14","30","33","14","13","10","9","7","10","27","19","11","12","10","13","9","9","11","7","7","11","10","10","12","12","18","11","21","22","8","10",TRUE
"ID0290","Habitante_290",26,"M","ID0264","ID0359","19","16","21","19","14","13","17","21","14","8","26","30","22","14","10","10","7","10","21","20","15","8","9","9","13","11","12","13","6","10","13","14","16","12","17","18","25","23","11","15",TRUE
"ID0291","Habitante_291",61,"F",NA,NA,"14","14","19","17","14","8","17","15","16","16","34","37","20","24","13","12","6","7","30","29","7","8","9","11","9","8","12","13","11","6","13","19","12","8","18","11","22","22","15","8",FALSE
"ID0292","Habitante_292",79,"F",NA,NA,"16","13","19","19","15","8","28","28","19","13","24","33","14","12","14","12","5","6","21","26","8","8","8","13","8","11","9","11","10","9","18","11","11","12","19","18","24","19","8","15",FALSE
"ID0293","Habitante_293",28,"F","ID0163","ID0257","14","19","17","19","15","12","25","26","16","10","29","27","22","11","11","9","5","5","24","27","8","15","10","9","9","9","10","13","10","6","13","19","15","10","14","17","23","22","8","11",TRUE
"ID0294","Habitante_294",47,"M",NA,NA,"12","14","17","19","11","14","15","22","17","10","27","34","10","17","11","17","6","5","28","21","15","7","9","11","15","11","9","9","6","6","13","13","11","12","18","9","17","17","15","17",FALSE
"ID0295","Habitante_295",63,"F",NA,NA,"16","14","17","14","14","10","25","15","11","16","37","28","10","22","14","16","5","5","20","23","13","9","9","13","14","11","15","14","6","10","19","18","10","16","14","17","15","20","16","15",TRUE
"ID0296","Habitante_296",46,"M",NA,NA,"18","19","18","17","8","13","23","17","19","11","24","32","19","17","10","11","5","7","26","27","11","15","10","11","8","8","13","15","9","10","13","13","12","10","17","19","23","25","19","8",TRUE
"ID0297","Habitante_297",23,"F","ID0047","ID0359","14","14","17","15","8","9","28","26","19","12","34","38","22","21","14","16","5","7","23","27","12","12","8","12","9","14","8","12","10","6","13","10","13","10","9","10","15","23","11","15",TRUE
"ID0298","Habitante_298",38,"F",NA,NA,"19","12","14","19","14","15","27","26","15","19","24","33","10","12","14","11","9","6","26","21","12","7","11","9","11","11","12","9","10","6","13","19","15","12","14","13","23","22","11","11",FALSE
"ID0299","Habitante_299",32,"M",NA,NA,"14","19","17","17","14","8","26","15","11","19","33","28","17","22","14","14","9","7","27","27","8","12","13","13","12","9","11","8","6","7","17","16","14","10","14","17","20","17","15","11",FALSE
"ID0300","Habitante_300",70,"F",NA,NA,"19","19","14","17","13","12","26","28","14","18","25","38","18","22","12","11","6","9","22","24","12","7","13","9","14","12","12","13","6","6","10","11","10","9","14","9","23","23","10","15",TRUE
"ID0301","Habitante_301",33,"M",NA,NA,"19","19","15","19","11","12","21","15","18","18","35","34","25","11","10","13","5","6","26","27","14","7","14","13","9","12","13","12","6","10","10","16","12","12","14","9","21","17","19","11",FALSE
"ID0302","Habitante_302",29,"M","ID0086","ID0384","19","19","17","21","15","11","22","22","12","19","38","38","18","14","14","17","7","6","24","19","8","7","9","8","11","14","8","8","6","6","12","13","15","10","8","18","19","19","15","11",TRUE
"ID0303","Habitante_303",24,"F","ID0223","ID0030","16","13","19","16","12","8","23","28","14","10","36","38","10","21","10","16","6","6","30","21","7","8","9","10","10","14","9","15","6","6","13","17","9","10","11","19","17","23","8","12",TRUE
"ID0304","Habitante_304",38,"F",NA,NA,"19","15","18","17","15","9","19","28","18","14","34","38","17","22","14","12","6","5","19","20","14","12","10","9","9","15","14","13","6","10","13","13","9","15","17","18","25","23","19","19",FALSE
"ID0305","Habitante_305",49,"F",NA,NA,"19","14","17","19","15","8","28","28","10","12","32","24","13","13","14","9","6","9","26","22","10","8","9","12","10","11","11","9","6","10","20","19","12","9","17","18","25","23","11","10",TRUE
"ID0306","Habitante_306",36,"F",NA,NA,"12","19","19","19","15","14","25","17","19","18","27","35","15","10","11","10","9","10","25","21","11","15","9","10","8","14","12","11","13","7","13","19","8","10","18","17","25","21","19","10",FALSE
"ID0307","Habitante_307",49,"F",NA,NA,"19","14","20","18","15","15","28","16","12","13","30","32","16","10","12","11","5","5","29","27","9","8","10","10","9","9","11","9","8","6","13","13","9","15","11","12","23","17","11","8",FALSE
"ID0308","Habitante_308",29,"M",NA,NA,"17","16","17","14","15","15","25","23","18","13","34","24","10","22","14","12","9","7","26","23","11","12","13","9","13","14","12","9","6","10","20","20","9","11","17","14","23","21","9","19",FALSE
"ID0309","Habitante_309",64,"F",NA,NA,"12","19","19","18","13","15","22","19","13","9","27","28","15","26","9","14","5","5","28","21","8","10","9","10","13","12","12","12","6","6","13","13","12","11","11","19","17","17","10","9",FALSE
"ID0310","Habitante_310",33,"F","ID0061","ID0027","19","14","17","15","13","13","19","15","14","12","24","29","14","10","9","17","6","5","23","26","10","11","12","9","13","9","9","12","9","6","13","19","15","10","17","18","23","24","19","8",TRUE
"ID0311","Habitante_311",38,"F",NA,NA,"19","14","17","18","12","11","17","15","19","14","38","29","10","22","16","13","7","6","23","19","15","13","10","15","9","12","15","13","7","6","13","13","12","10","17","14","17","19","11","19",FALSE
"ID0312","Habitante_312",25,"M","ID0285","ID0266","14","19","20","19","9","8","23","17","17","11","30","30","19","15","9","14","5","7","23","26","9","9","11","10","14","11","9","14","10","8","16","14","9","12","18","17","24","23","11","19",TRUE
"ID0313","Habitante_313",24,"M","ID0166","ID0204","19","19","19","19","8","15","21","25","15","13","38","38","17","19","9","9","7","5","21","20","8","12","11","9","14","14","13","7","6","9","19","19","10","9","19","14","23","17","12","12",TRUE
"ID0314","Habitante_314",19,"M","ID0263","ID0194","14","19","19","17","8","15","25","19","14","18","33","33","26","10","9","16","5","6","21","27","11","12","13","11","14","7","15","13","7","6","19","10","10","15","19","17","25","24","9","15",TRUE
"ID0315","Habitante_315",72,"M",NA,NA,"19","19","17","19","11","12","22","28","13","10","24","38","21","26","17","11","6","6","21","26","9","8","10","9","9","14","8","9","7","11","13","19","11","12","10","16","25","17","11","19",FALSE
"ID0316","Habitante_316",38,"M",NA,NA,"19","19","19","14","9","8","23","21","14","17","33","30","17","19","11","14","7","7","19","19","8","11","9","10","14","13","9","13","6","6","18","19","10","10","19","14","16","17","11","8",FALSE
"ID0317","Habitante_317",44,"F","ID0336","ID0344","19","16","14","14","13","8","15","28","12","12","31","37","10","16","14","14","5","5","27","23","7","12","9","11","8","11","13","9","11","6","18","10","9","10","17","14","19","16","15","8",TRUE
"ID0318","Habitante_318",64,"F",NA,NA,"16","16","16","17","13","11","17","27","18","18","33","24","16","18","14","17","5","8","19","19","9","12","10","9","12","11","13","13","11","6","13","13","10","12","17","17","17","24","10","8",TRUE
"ID0319","Habitante_319",22,"M","ID0281","ID0235","19","19","14","19","15","8","15","17","19","19","26","38","13","26","10","9","5","7","23","23","10","13","10","8","13","6","12","13","10","6","13","16","15","12","12","18","20","23","11","8",TRUE
"ID0320","Habitante_320",28,"F","ID0061","ID0027","14","18","19","15","13","13","17","15","14","12","24","29","14","10","9","17","10","5","23","26","10","12","12","10","13","9","9","12","9","6","14","16","12","12","18","11","19","22","19","8",TRUE
"ID0321","Habitante_321",28,"M","ID0296","ID0382","19","19","17","17","8","8","15","19","12","13","36","38","9","26","12","12","7","5","21","21","8","8","9","13","15","12","9","13","6","6","17","19","15","8","10","19","15","22","9","15",TRUE
"ID0322","Habitante_322",44,"F",NA,NA,"14","16","14","17","13","15","27","19","9","17","25","28","13","22","14","9","5","9","26","30","7","10","13","10","13","12","8","13","10","6","13","13","12","15","10","16","24","20","9","19",FALSE
"ID0323","Habitante_323",28,"M","ID0085","ID0247","19","14","14","17","12","14","19","28","12","13","27","30","22","25","11","9","9","6","24","19","11","13","10","10","9","9","8","9","6","10","19","13","15","12","17","13","24","20","11","12",TRUE
"ID0324","Habitante_324",80,"F",NA,NA,"19","14","19","17","11","12","23","19","11","13","33","34","22","14","14","10","9","6","23","27","9","14","9","13","14","9","9","7","10","9","13","10","10","12","19","17","25","22","8","9",TRUE
"ID0325","Habitante_325",54,"M",NA,NA,"19","19","17","14","8","12","24","21","16","12","30","38","19","9","14","14","7","5","19","23","12","7","8","9","7","14","11","9","6","6","18","10","14","12","18","14","19","15","9","15",FALSE
"ID0326","Habitante_326",45,"F",NA,NA,"19","13","19","19","8","13","19","26","16","18","24","32","17","16","14","15","7","5","23","29","8","11","9","13","9","11","9","9","9","6","10","13","12","12","18","18","17","23","15","16",FALSE
"ID0327","Habitante_327",24,"F","ID0168","ID0140","19","12","17","19","11","14","23","26","10","12","38","25","25","9","9","11","9","9","21","21","12","14","9","9","10","11","10","8","10","6","11","13","12","11","13","17","15","23","8","19",TRUE
"ID0328","Habitante_328",38,"F",NA,NA,"19","14","17","19","15","12","17","15","19","10","26","28","9","14","16","10","5","10","27","28","7","12","11","9","8","14","15","8","10","6","13","10","15","12","18","18","23","15","10","17",FALSE
"ID0329","Habitante_329",65,"M",NA,NA,"19","19","19","19","15","8","24","28","12","15","38","33","27","26","12","16","10","5","30","30","8","9","9","9","11","14","12","13","10","6","13","13","12","15","13","19","23","15","12","8",FALSE
"ID0330","Habitante_330",70,"M",NA,NA,"19","14","19","19","11","9","25","28","14","15","24","26","22","27","14","12","6","9","24","27","13","12","10","13","15","13","9","9","6","8","20","13","9","10","14","8","20","19","12","11",FALSE
"ID0331","Habitante_331",70,"F",NA,NA,"19","16","15","18","8","14","19","26","9","10","30","26","22","10","13","14","10","7","21","27","8","11","13","10","14","11","15","15","10","11","17","19","10","10","19","9","19","16","8","8",TRUE
"ID0332","Habitante_332",23,"F","ID0085","ID0052","19","19","19","18","8","9","19","19","12","13","24","38","22","19","11","13","6","5","29","29","11","15","10","9","14","9","12","15","6","6","13","13","10","10","17","17","16","20","19","15",TRUE
"ID0333","Habitante_333",60,"F",NA,NA,"19","19","17","17","14","8","19","24","15","18","25","38","21","13","13","17","10","5","26","30","15","8","9","15","8","14","11","12","13","9","13","14","12","9","12","9","16","23","19","8",FALSE
"ID0334","Habitante_334",37,"M",NA,NA,"12","19","21","14","15","13","26","23","9","13","36","25","16","14","9","14","7","5","21","21","12","7","13","9","13","11","8","12","7","6","20","13","12","12","10","9","25","15","8","12",FALSE
"ID0335","Habitante_335",22,"M","ID0053","ID0271","19","19","14","17","14","14","24","17","19","12","25","38","23","18","12","12","9","5","26","26","12","12","10","10","9","11","14","15","6","6","19","13","12","12","19","9","23","15","11","8",TRUE
"ID0336","Habitante_336",62,"M",NA,NA,"19","16","14","17","12","8","15","19","15","19","26","26","13","26","14","9","5","6","29","21","8","14","11","9","11","12","7","15","10","6","10","11","16","10","17","16","19","24","9","9",TRUE
"ID0337","Habitante_337",60,"F",NA,NA,"19","14","18","14","11","15","17","26","13","14","28","37","27","14","15","12","5","10","23","21","7","12","15","10","14","8","12","9","7","6","11","13","12","10","13","18","20","23","15","15",TRUE
"ID0338","Habitante_338",47,"F",NA,NA,"19","19","17","17","15","12","19","17","18","9","33","24","26","14","16","12","10","5","29","23","9","11","10","14","13","14","7","9","6","10","19","17","12","15","18","14","21","22","11","8",TRUE
"ID0339","Habitante_339",44,"M",NA,NA,"16","19","18","17","8","9","28","21","18","16","38","26","21","22","16","14","6","6","27","30","12","12","10","9","9","12","13","12","6","8","19","13","12","16","18","17","17","23","15","12",FALSE
"ID0340","Habitante_340",68,"M",NA,NA,"19","19","17","14","8","15","25","28","8","13","34","38","10","25","16","11","8","9","21","19","15","9","12","9","14","14","7","15","7","9","10","13","11","13","8","12","23","21","16","12",TRUE
"ID0341","Habitante_341",48,"M",NA,NA,"19","13","17","16","11","15","20","27","17","13","38","24","20","10","9","15","5","5","21","19","15","12","10","12","8","10","9","13","6","7","13","14","12","15","14","11","22","23","11","15",FALSE
"ID0342","Habitante_342",22,"M","ID0398","ID0024","19","12","20","17","13","9","19","19","18","9","29","38","13","21","14","11","6","5","27","21","12","7","10","9","13","12","9","9","11","6","13","13","13","13","13","10","19","21","11","8",TRUE
"ID0343","Habitante_343",36,"F",NA,NA,"19","19","17","15","8","8","22","25","19","16","33","30","27","22","15","14","7","7","24","19","12","8","13","15","12","14","9","9","6","6","18","10","12","13","17","13","20","23","19","11",FALSE
"ID0344","Habitante_344",81,"F",NA,NA,"19","19","18","20","15","12","25","25","10","19","38","33","18","18","9","12","7","7","23","27","11","7","11","10","9","14","12","9","6","7","13","17","11","10","12","15","23","25","11","18",TRUE
"ID0345","Habitante_345",48,"F",NA,NA,"19","19","17","17","12","11","19","17","12","11","34","33","10","19","9","10","9","7","21","29","8","8","15","9","9","10","9","9","7","6","10","20","10","15","16","19","21","22","12","19",FALSE
"ID0346","Habitante_346",39,"M","ID0380","ID0094","14","19","17","14","12","8","18","24","13","18","26","38","10","10","10","16","6","11","27","23","9","9","11","10","8","14","7","7","6","6","13","19","15","16","16","13","20","20","19","11",TRUE
"ID0347","Habitante_347",26,"M","ID0349","ID0170","17","16","19","19","13","9","23","28","11","19","31","38","13","16","9","17","7","10","27","23","14","12","13","9","11","9","12","9","6","6","15","13","12","12","19","16","15","25","12","19",TRUE
"ID0348","Habitante_348",35,"F",NA,NA,"19","19","18","15","14","12","27","21","12","10","37","24","11","19","9","9","6","5","28","21","9","7","11","9","13","11","13","9","10","6","19","10","10","12","8","12","25","16","8","11",FALSE
"ID0349","Habitante_349",50,"M",NA,NA,"16","19","19","17","13","12","22","19","11","16","26","38","11","26","17","12","6","6","24","27","9","11","10","13","12","11","9","15","11","6","11","19","9","8","17","18","22","18","18","19",TRUE
"ID0350","Habitante_350",22,"M","ID0096","ID0338","12","19","17","17","8","12","21","17","18","9","31","24","11","14","10","12","7","10","27","29","7","11","10","10","9","13","12","7","9","6","13","19","13","15","19","14","17","21","14","8",TRUE
"ID0351","Habitante_351",50,"F",NA,NA,"19","16","17","19","8","15","24","15","16","18","24","34","10","27","16","13","5","9","21","21","14","9","13","9","15","9","13","7","6","6","16","13","10","12","8","13","25","21","10","10",FALSE
"ID0352","Habitante_352",37,"M",NA,NA,"19","14","19","19","13","13","22","21","10","15","33","33","21","16","10","10","7","6","21","21","12","8","10","9","13","9","9","13","7","9","10","19","13","10","11","19","23","24","19","8",TRUE
"ID0353","Habitante_353",45,"F",NA,NA,"12","14","18","14","12","9","27","25","19","18","28","38","17","19","16","9","9","7","26","27","14","9","9","14","13","14","13","13","6","6","13","16","11","11","18","18","23","17","9","8",FALSE
"ID0354","Habitante_354",31,"F","ID0086","ID0384","19","19","14","19","12","9","26","19","9","11","25","30","13","17","12","14","11","6","21","27","7","12","10","10","8","14","14","11","6","6","19","16","9","10","17","17","25","23","11","19",TRUE
"ID0355","Habitante_355",27,"M","ID0082","ID0384","12","19","14","19","8","12","21","17","15","19","38","34","16","16","14","16","5","7","21","27","15","15","9","13","7","13","13","14","10","12","10","10","15","13","18","18","25","19","12","12",TRUE
"ID0356","Habitante_356",23,"M","ID0042","ID0011","19","14","14","14","15","15","19","17","16","9","31","36","18","27","14","17","5","5","30","27","10","10","15","10","13","13","9","8","6","7","17","13","9","8","18","13","23","17","12","10",TRUE
"ID0357","Habitante_357",45,"F",NA,NA,"15","16","14","20","13","14","21","27","18","8","34","27","21","14","9","17","9","5","23","23","8","9","10","9","10","11","12","13","6","6","19","13","10","9","19","10","16","25","11","11",FALSE
"ID0358","Habitante_358",46,"F",NA,NA,"19","19","19","19","12","12","15","16","14","18","25","31","25","10","9","14","5","6","23","23","7","8","9","10","9","12","12","11","13","9","13","13","12","12","17","19","20","15","11","9",FALSE
"ID0359","Habitante_359",85,"F",NA,NA,"14","14","17","19","13","14","25","15","11","11","26","29","17","17","11","15","10","9","21","23","12","12","9","9","14","11","11","9","10","6","13","13","9","10","13","9","20","23","11","18",TRUE
"ID0360","Habitante_360",48,"M",NA,NA,"14","19","17","19","12","8","28","19","8","18","31","30","15","18","17","17","5","10","24","19","8","15","9","9","6","14","12","12","10","6","10","16","10","10","10","14","22","25","10","19",FALSE
"ID0361","Habitante_361",19,"F","ID0104","ID0158","13","14","19","18","13","15","15","17","18","12","30","33","9","10","16","11","11","7","21","27","9","8","13","9","12","9","13","9","10","10","13","19","9","10","13","17","24","22","15","10",TRUE
"ID0362","Habitante_362",61,"F",NA,NA,"19","14","17","17","15","13","19","16","9","15","38","30","14","16","14","14","6","5","23","28","9","7","10","10","9","14","9","7","6","6","13","10","11","10","17","12","21","19","17","8",FALSE
"ID0363","Habitante_363",26,"F","ID0296","ID0382","12","18","19","17","15","8","15","15","13","12","24","27","26","9","15","16","5","6","21","23","10","7","9","9","7","9","12","10","6","6","13","18","8","11","13","10","21","25","19","15",TRUE
"ID0364","Habitante_364",69,"M",NA,NA,"19","12","18","17","8","15","22","24","13","19","30","35","18","18","10","16","9","6","23","21","12","15","9","9","9","14","9","7","6","10","11","13","12","10","14","13","22","17","15","10",FALSE
"ID0365","Habitante_365",26,"F","ID0121","ID0240","19","19","19","17","12","15","28","28","10","9","24","31","21","17","9","10","9","9","25","21","12","12","10","10","13","12","13","13","6","9","19","20","13","16","10","9","21","20","12","8",TRUE
"ID0366","Habitante_366",44,"F",NA,NA,"19","16","17","14","14","12","25","17","10","19","30","38","17","17","12","17","5","9","29","19","13","10","10","11","11","9","13","14","6","6","13","13","10","11","14","19","24","17","12","8",FALSE
"ID0367","Habitante_367",28,"F","ID0163","ID0257","14","19","17","16","12","12","25","26","16","14","33","27","25","23","9","9","6","9","23","27","12","15","9","10","9","9","13","13","10","9","13","19","12","14","18","17","23","22","17","11",TRUE
"ID0368","Habitante_368",26,"M","ID0068","ID0124","19","14","17","17","8","13","16","24","19","12","32","30","11","14","17","9","5","9","21","26","8","12","11","9","11","11","16","13","7","6","16","10","14","13","9","18","20","20","10","12",TRUE
"ID0369","Habitante_369",54,"F",NA,NA,"19","19","18","19","15","15","19","24","8","16","38","30","19","22","9","14","6","9","22","21","11","9","10","15","12","11","12","7","6","6","19","13","13","10","12","17","19","25","8","8",FALSE
"ID0370","Habitante_370",38,"F",NA,NA,"19","19","14","20","14","8","22","17","10","15","38","36","11","19","12","9","7","5","24","28","8","14","9","10","14","7","11","10","10","7","20","16","9","12","17","17","25","20","12","8",FALSE
"ID0371","Habitante_371",52,"F",NA,NA,"16","19","18","14","15","13","17","26","13","19","27","33","22","21","16","17","9","5","30","19","11","8","9","13","13","14","16","9","10","6","19","13","10","11","9","14","25","17","12","9",FALSE
"ID0372","Habitante_372",56,"F",NA,NA,"19","14","17","21","12","14","15","15","19","18","30","28","21","14","10","10","9","7","27","24","12","8","13","9","9","13","9","13","10","6","13","19","16","12","11","18","17","25","10","9",FALSE
"ID0373","Habitante_373",52,"F",NA,NA,"19","16","20","14","15","13","25","22","13","14","37","38","17","19","14","11","5","9","30","21","15","12","9","10","10","11","13","13","6","6","11","11","13","8","9","12","15","23","9","9",FALSE
"ID0374","Habitante_374",70,"M",NA,NA,"19","12","17","17","9","12","21","24","16","8","34","38","13","25","9","14","7","5","21","19","12","11","11","12","14","8","12","7","6","6","13","13","12","16","12","13","16","15","12","12",FALSE
"ID0375","Habitante_375",41,"M",NA,NA,"19","18","19","19","15","14","26","23","12","12","25","26","10","11","14","14","6","6","29","19","8","9","10","9","14","9","15","8","6","6","19","19","9","12","14","14","23","23","19","16",FALSE
"ID0376","Habitante_376",24,"F","ID0398","ID0024","19","19","19","21","15","11","25","22","16","18","33","38","21","13","9","14","6","7","26","28","15","12","10","10","8","8","9","15","10","6","13","10","10","12","17","18","25","19","12","9",TRUE
"ID0377","Habitante_377",61,"F",NA,NA,"19","16","19","17","15","12","19","21","17","19","38","33","10","19","9","12","9","7","21","27","8","10","10","9","11","6","9","13","6","8","13","13","9","12","14","14","21","25","15","15",FALSE
"ID0378","Habitante_378",20,"F","ID0047","ID0331","19","16","18","18","8","14","28","19","9","10","36","30","10","10","9","14","5","10","29","27","11","8","9","13","9","14","11","15","6","11","19","17","10","10","14","9","23","16","8","8",TRUE
"ID0379","Habitante_379",43,"F",NA,NA,"19","19","14","14","14","15","19","23","14","15","24","34","10","17","10","14","7","6","23","22","8","15","11","15","10","14","8","15","6","7","13","19","12","10","17","12","25","21","9","13",FALSE
"ID0380","Habitante_380",62,"M",NA,NA,"14","19","19","17","8","8","25","15","19","16","38","24","22","10","14","10","6","5","21","19","9","11","10","9","8","14","13","11","10","10","12","13","12","10","9","13","17","15","10","14",TRUE
"ID0381","Habitante_381",56,"F",NA,NA,"19","19","17","14","14","14","17","26","13","16","30","38","19","17","12","17","9","6","21","27","12","15","9","9","14","8","14","12","9","6","19","11","9","12","18","18","24","17","10","8",TRUE
"ID0382","Habitante_382",65,"F",NA,NA,"15","19","17","14","12","12","20","21","11","13","24","24","10","21","17","10","7","5","29","30","12","15","9","9","14","12","12","8","13","6","19","20","12","8","19","18","16","23","12","11",TRUE
"ID0383","Habitante_383",20,"M","ID0113","ID0076","16","19","17","17","11","12","28","19","9","11","30","27","22","10","9","10","10","10","21","21","8","8","13","13","12","11","15","13","9","10","10","13","16","10","17","9","23","23","9","8",TRUE
"ID0384","Habitante_384",51,"F",NA,NA,"19","16","20","18","14","12","17","16","15","11","38","29","21","17","9","9","5","9","27","23","8","12","13","11","11","8","9","9","10","11","10","20","12","10","9","18","17","23","8","10",TRUE
"ID0385","Habitante_385",39,"F",NA,NA,"12","19","17","18","13","8","21","17","11","18","29","38","13","16","14","12","9","7","29","26","12","9","9","10","11","14","8","15","6","6","10","10","11","10","18","14","25","17","9","18",FALSE
"ID0386","Habitante_386",57,"M",NA,NA,"14","14","18","19","14","8","22","19","14","11","38","29","11","25","15","17","7","6","28","19","8","8","9","9","14","13","12","11","6","7","15","16","12","16","17","10","20","25","15","12",FALSE
"ID0387","Habitante_387",29,"M","ID0285","ID0266","14","19","20","19","9","11","23","18","14","11","27","37","19","15","9","9","5","7","30","26","9","9","9","9","14","7","9","14","6","8","10","14","15","12","18","12","16","21","11","15",TRUE
"ID0388","Habitante_388",45,"F",NA,NA,"19","15","17","19","15","8","16","28","10","9","38","29","10","18","14","9","9","5","23","23","12","8","10","9","8","13","12","9","13","6","13","13","12","10","17","12","16","19","8","11",FALSE
"ID0389","Habitante_389",59,"M",NA,NA,"19","19","18","17","15","9","19","22","9","12","30","30","22","15","12","15","6","7","30","27","7","8","10","13","8","12","14","8","6","6","13","13","11","10","8","18","23","21","12","11",TRUE
"ID0390","Habitante_390",56,"M",NA,NA,"19","15","17","19","14","15","23","23","17","13","38","38","23","18","9","14","5","9","19","23","14","14","9","12","9","14","15","15","10","10","10","16","12","10","8","14","20","25","8","19",FALSE
"ID0391","Habitante_391",19,"F","ID0352","ID0222","19","19","19","19","13","12","21","15","10","18","33","31","21","22","10","12","7","5","21","23","8","11","10","9","9","12","13","13","7","11","19","13","10","10","11","13","24","19","19","16",TRUE
"ID0392","Habitante_392",18,"M","ID0025","ID0043","19","19","19","17","14","14","24","23","19","12","33","29","10","21","12","17","5","7","23","28","8","11","9","9","12","8","8","9","6","6","14","13","15","10","18","12","20","17","19","8",TRUE
"ID0393","Habitante_393",37,"M",NA,NA,"19","19","19","18","12","12","21","28","10","10","28","30","10","22","10","12","7","11","23","29","15","7","10","13","7","8","12","14","9","7","13","13","10","9","18","12","23","22","8","11",FALSE
"ID0394","Habitante_394",19,"M","ID0263","ID0194","14","14","19","17","12","9","25","22","13","18","36","24","26","10","11","12","5","7","21","27","8","13","13","11","8","7","9","13","6","6","19","10","10","15","19","17","25","23","11","15",TRUE
"ID0395","Habitante_395",21,"F","ID0121","ID0240","14","14","18","17","8","12","28","28","10","15","24","38","22","17","9","9","5","5","25","26","12","12","13","9","14","9","13","13","6","9","19","13","12","16","12","9","22","20","10","19",TRUE
"ID0396","Habitante_396",31,"F","ID0086","ID0384","19","19","19","18","8","14","22","16","19","15","24","29","11","17","16","9","10","5","21","27","11","12","15","13","14","8","9","9","7","11","20","10","10","10","18","18","20","23","8","8",TRUE
"ID0397","Habitante_397",32,"F",NA,NA,"14","19","19","19","8","15","26","23","14","8","37","38","22","22","17","9","9","5","21","30","9","13","9","11","9","11","13","12","7","6","13","10","10","13","19","18","20","20","8","16",FALSE
"ID0398","Habitante_398",46,"M",NA,NA,"14","19","17","14","8","8","26","24","14","10","27","26","22","21","15","17","6","7","21","21","11","7","9","10","8","12","9","8","10","6","18","16","10","15","14","9","20","21","16","9",TRUE
"ID0399","Habitante_399",45,"M",NA,NA,"12","19","14","17","14","13","22","21","14","18","38","30","13","22","12","12","6","10","21","23","9","7","12","13","15","9","8","13","7","6","13","13","12","13","17","9","15","17","12","10",FALSE
"ID0400","Habitante_400",27,"M","ID0047","ID0359","19","14","18","17","8","14","23","25","9","11","36","26","10","17","14","15","6","10","21","23","11","12","9","9","9","14","11","9","10","6","19","13","13","10","19","13","20","23","8","18",TRUE
"ID0401","Habitante_F1G1_abuelo",65,"M",NA,NA,"12","14","17","19","14","8","22","17","11","8","29","33","13","21","14","9","5","6","28","27","12","9","15","9","12","14","9","9","7","11","18","13","16","9","17","18","17","21","15","19",TRUE
"ID0402","Habitante_F1G1_abuela",70,"F",NA,NA,"19","19","15","14","14","8","15","19","11","9","34","26","10","13","10","9","6","8","27","21","15","8","9","10","11","9","15","15","6","7","19","16","10","10","18","17","16","17","10","13",TRUE
"ID0403","Habitante_F1G2_padre",50,"M","ID0401","ID0402","14","19","17","14","14","8","22","19","11","11","33","26","21","10","9","9","5","8","28","21","12","15","9","10","14","11","9","15","11","7","13","16","9","10","18","17","17","17","19","10",TRUE
"ID0404","Habitante_F1G2_madre_externa",42,"F",NA,NA,"14","19","19","17","8","13","21","17","13","15","34","31","10","18","11","12","6","9","25","29","8","15","9","9","14","14","9","9","12","6","13","17","10","12","10","18","22","19","8","8",TRUE
"ID0405","Habitante_F1G3_nieto1",22,"F","ID0403","ID0404","14","14","14","19","8","13","22","17","11","13","33","34","21","10","9","11","8","9","28","25","12","15","10","9","14","14","15","9","11","12","16","13","10","10","18","18","17","22","10","8",TRUE
"ID0406","Habitante_F1G3_nieto2",26,"M","ID0403","ID0404","14","14","14","19","14","13","22","21","11","13","26","31","10","10","9","11","5","6","21","25","12","15","10","9","14","14","15","9","7","12","13","13","9","12","17","10","17","19","10","8",TRUE
"ID0407","Habitante_F1G3_nieto3",16,"F","ID0403","ID0404","14","14","14","19","14","8","19","17","11","15","26","31","21","18","9","11","5","9","21","25","12","8","9","9","14","14","15","9","7","6","16","13","9","12","18","10","17","19","10","8",TRUE
"ID0408","Habitante_F2G1_abuelo",65,"M",NA,NA,"14","13","19","17","14","15","28","26","19","10","38","34","17","9","12","15","9","5","26","23","8","8","13","9","8","11","12","11","6","6","18","18","8","10","10","9","19","20","8","16",TRUE
"ID0409","Habitante_F2G1_abuela",71,"F",NA,NA,"19","16","17","18","14","13","24","24","10","10","27","36","17","13","14","11","5","5","21","28","8","8","14","10","13","9","12","8","6","6","10","11","12","16","19","10","25","16","13","8",TRUE
"ID0410","Habitante_F2G2_padre",44,"M","ID0408","ID0409","14","19","17","17","14","14","28","24","10","10","34","36","9","13","15","14","9","5","23","21","8","8","9","10","11","9","11","8","6","6","18","11","8","16","10","10","20","16","16","13",TRUE
"ID0411","Habitante_F2G2_madre_externa",50,"F",NA,NA,"19","15","17","17","14","9","23","15","11","12","38","26","21","17","14","12","5","10","28","26","9","12","12","9","8","11","9","15","6","10","13","13","12","11","17","17","25","23","19","10",TRUE
"ID0412","Habitante_F2G3_nieto1",22,"F","ID0410","ID0411","19","19","17","17","14","14","24","15","10","12","36","26","13","17","15","12","9","5","21","28","8","12","10","12","9","11","8","9","6","10","18","13","8","11","10","17","20","23","16","10",TRUE
"ID0413","Habitante_F2G3_nieto2",16,"F","ID0410","ID0411","14","19","17","17","14","14","24","15","10","11","36","26","13","21","14","12","9","5","23","26","8","9","9","12","11","11","11","9","6","10","11","13","16","11","10","17","20","23","16","10",TRUE
"ID0414","Habitante_F2G3_nieto3",22,"M","ID0410","ID0411","14","19","17","17","14","9","24","23","10","11","36","26","9","21","15","14","5","5","23","26","8","12","9","9","11","11","8","9","6","6","18","13","16","11","10","17","16","25","16","19",TRUE
"ID0415","Habitante_F3G1_abuelo",70,"M",NA,NA,"12","19","17","14","13","14","17","22","18","12","30","34","21","9","13","14","7","6","27","21","7","12","10","9","9","10","15","8","10","6","13","16","12","10","14","13","21","22","8","19",TRUE
"ID0416","Habitante_F3G1_abuela",69,"F",NA,NA,"19","12","19","17","12","8","15","23","16","14","24","24","25","22","12","12","7","9","20","21","10","14","9","10","15","14","13","12","6","6","13","13","8","12","10","17","20","16","15","9",TRUE
"ID0417","Habitante_F3G2_padre",52,"M","ID0415","ID0416","19","19","14","19","13","12","17","23","18","16","30","24","9","22","13","12","7","7","21","20","7","10","10","9","10","14","8","13","10","6","16","13","12","8","13","17","21","20","8","9",TRUE
"ID0418","Habitante_F3G2_madre_externa",45,"F",NA,NA,"19","19","19","17","15","12","26","25","18","11","33","38","18","22","14","15","5","5","22","24","8","15","14","9","7","12","7","9","6","9","13","18","12","11","13","9","21","17","10","8",TRUE
"ID0419","Habitante_F3G3_nieto1",17,"M","ID0417","ID0418","19","19","14","19","12","12","23","25","16","11","24","38","22","22","13","14","7","5","20","22","7","8","10","14","14","12","8","7","6","9","13","18","8","11","13","9","21","21","8","10",TRUE
"ID0420","Habitante_F4G1_abuelo",73,"M",NA,NA,"14","15","15","19","8","13","19","20","8","10","30","24","21","9","9","10","7","9","21","21","15","8","9","9","9","14","11","9","11","6","13","15","11","10","10","19","17","21","15","17",TRUE
"ID0421","Habitante_F4G1_abuela",68,"F",NA,NA,"19","19","17","17","12","15","28","15","15","10","38","34","17","19","11","16","5","5","29","23","12","12","9","12","12","6","7","9","6","11","14","10","12","12","12","14","25","23","9","15",TRUE
"ID0422","Habitante_F4G2_padre",44,"M","ID0420","ID0421","14","19","15","17","8","15","20","28","8","15","30","38","9","19","10","16","9","5","21","23","15","12","9","9","9","6","9","9","11","11","13","14","10","12","10","14","17","25","17","15",TRUE
"ID0423","Habitante_F4G2_madre_externa",41,"F",NA,NA,"19","19","17","17","12","15","22","21","12","12","30","34","12","10","14","9","9","9","23","26","9","9","9","9","14","11","15","12","6","8","19","20","15","10","8","11","25","23","10","16",TRUE
"ID0424","Habitante_F4G3_nieto1",15,"F","ID0422","ID0423","14","19","17","17","15","15","20","21","15","12","30","34","19","10","10","9","9","9","23","26","15","9","9","9","9","11","9","12","11","8","13","19","12","15","14","11","25","25","15","10",TRUE
"ID0425","Habitante_F4G3_nieto2",19,"M","ID0422","ID0423","19","19","15","17","8","12","20","22","15","12","38","34","19","10","10","9","9","9","23","23","12","9","9","9","6","11","9","15","11","6","13","20","10","10","14","8","17","23","15","16",TRUE
"ID0426","Habitante_F4G3_nieto3",18,"F","ID0422","ID0423","19","19","15","17","15","12","28","22","8","12","30","30","9","12","16","9","5","9","23","26","15","9","9","9","9","11","9","15","11","8","14","20","10","15","14","8","17","23","15","10",TRUE
"ID0427","Habitante_F5G1_abuelo",73,"M",NA,NA,"12","18","19","17","15","15","19","28","18","12","29","37","21","17","10","14","7","9","21","23","10","9","13","9","8","11","15","7","6","9","13","13","10","10","9","14","16","19","15","12",TRUE
"ID0428","Habitante_F5G1_abuela",75,"F",NA,NA,"14","12","14","14","8","13","19","24","13","8","37","29","26","10","10","10","5","5","21","27","8","12","9","11","9","11","16","9","7","6","20","13","10","9","17","8","25","20","10","19",TRUE
"ID0429","Habitante_F5G2_padre",46,"M","ID0427","ID0428","18","14","19","14","15","13","28","24","18","8","29","37","17","26","14","10","9","5","21","21","10","8","13","9","11","11","15","16","9","7","13","20","10","9","14","17","16","25","15","10",TRUE
"ID0430","Habitante_F5G2_madre_externa",45,"F",NA,NA,"19","19","19","17","8","8","19","26","11","8","34","25","16","22","17","9","7","6","30","19","12","15","11","14","14","7","9","12","11","6","20","10","12","11","17","17","16","22","9","8",TRUE
"ID0431","Habitante_F5G3_nieto1",24,"M","ID0429","ID0430","14","19","19","19","15","8","28","19","8","8","29","25","17","16","10","9","9","7","21","30","8","12","9","14","11","14","15","9","9","6","13","20","10","12","17","17","16","16","15","9",TRUE
"ID0432","Habitante_F5G3_nieto2",23,"M","ID0429","ID0430","18","19","19","17","13","8","24","26","8","8","37","25","17","16","10","17","9","7","21","19","8","12","9","11","11","7","15","9","9","11","20","10","9","12","17","17","16","22","10","9",TRUE
"ID0433","Habitante_F5G3_nieto3",23,"F","ID0429","ID0430","18","19","14","17","13","8","28","26","8","8","37","25","17","22","14","9","5","7","21","19","10","15","13","14","11","7","16","12","9","6","13","10","10","12","14","17","16","22","10","9",TRUE
"ID0434","Habitante_F6G1_abuelo",73,"M",NA,NA,"14","19","17","19","8","15","22","21","12","18","29","34","27","18","14","10","9","5","28","30","8","14","9","9","11","12","15","7","6","6","13","13","13","10","14","14","22","25","8","10",TRUE
"ID0435","Habitante_F6G1_abuela",68,"F",NA,NA,"12","14","18","18","13","9","25","28","19","15","24","30","22","17","9","11","7","6","21","20","12","7","10","13","9","8","12","13","6","6","13","11","16","10","17","18","17","22","8","11",TRUE
"ID0436","Habitante_F6G2_padre",51,"M","ID0434","ID0435","14","14","19","18","15","9","22","25","18","19","29","24","27","17","14","11","5","6","30","21","14","12","9","13","12","8","15","13","6","6","13","13","13","16","14","17","25","22","8","11",TRUE
"ID0437","Habitante_F6G2_madre_externa",40,"F",NA,NA,"18","15","18","17","12","11","26","27","14","10","38","38","19","26","9","10","5","5","21","20","12","8","9","9","7","14","13","9","6","6","16","13","10","12","9","12","17","25","8","11",TRUE
"ID0438","Habitante_F6G3_nieto1",15,"M","ID0436","ID0437","14","15","19","18","15","12","25","26","19","14","29","38","17","26","14","10","6","5","21","21","14","12","13","9","12","14","13","9","6","6","13","13","13","10","17","9","22","25","11","11",TRUE
"ID0439","Habitante_F6G3_nieto2",19,"F","ID0436","ID0437","14","18","19","17","9","11","22","26","19","14","24","38","17","19","14","9","5","5","21","21","12","8","13","9","12","7","13","13","6","6","13","13","16","12","17","12","25","17","8","11",TRUE
"ID0440","Habitante_F7G1_abuelo",70,"M",NA,NA,"19","16","17","19","13","8","25","24","18","16","34","29","18","22","17","11","5","7","21","30","9","14","8","10","14","6","14","12","9","11","13","13","12","9","10","14","25","20","9","10",TRUE
"ID0441","Habitante_F7G1_abuela",65,"F",NA,NA,"14","12","19","14","12","8","19","28","19","18","32","38","19","11","10","16","9","7","21","30","7","9","15","13","9","11","14","9","13","10","11","13","15","11","14","13","23","19","11","10",TRUE
"ID0442","Habitante_F7G2_padre",52,"M","ID0440","ID0441","19","14","19","14","8","12","24","28","18","18","34","38","22","19","17","16","7","9","30","30","9","9","10","13","14","9","12","14","11","10","13","13","12","11","10","13","20","23","9","10",TRUE
"ID0443","Habitante_F7G2_madre_externa",44,"F",NA,NA,"19","19","17","17","8","12","17","20","18","19","38","29","17","25","17","10","6","5","28","23","11","8","10","9","13","8","12","9","6","6","10","13","12","8","18","9","22","17","8","11",TRUE
"ID0444","Habitante_F7G3_nieto1",16,"M","ID0442","ID0443","19","19","19","17","8","8","24","20","18","18","38","38","19","17","16","10","9","5","30","23","9","8","13","9","14","13","12","12","11","6","13","10","12","8","10","18","23","17","9","8",TRUE
"ID0445","Habitante_F7G3_nieto2",17,"F","ID0442","ID0443","14","19","14","17","8","12","28","20","18","19","34","29","22","25","16","17","7","6","30","28","9","11","10","10","14","8","14","12","11","6","13","10","11","12","13","18","20","22","10","11",TRUE
"ID0446","Habitante_NM1_match_moderado",41,"M",NA,NA,"13","19","17","17","11","12","19","21","19","13","34","24","22","18","15","9","5","6","27","30","7","8","15","12","14","9","9","13","9","13","10","15","15","10","9","18","17","22","19","12",FALSE
"ID0447","Habitante_NM2_match_alto",39,"M",NA,NA,"16","19","17","17","11","12","28","21","14","15","24","31","11","25","11","14","5","6","27","30","9","15","9","11","11","6","13","8","9","13","16","19","11","13","9","18","19","20","16","11",FALSE
"ID0448","Habitante_NM3_match_parcial",47,"M",NA,NA,"19","16","14","19","11","12","28","21","19","13","34","24","9","14","10","14","6","10","27","30","8","12","13","9","6","11","13","8","7","10","16","19","16","12","9","17","17","20","9","15",FALSE
"ID0449","Habitante_449",66,"F",NA,NA,"14","16","14","19","15","13","23","23","14","16","30","31","10","22","12","12","6","10","28","24","15","7","9","11","11","14","8","12","8","11","13","11","13","10","17","14","25","22","15","8",FALSE
"ID0450","Habitante_450",37,"M",NA,NA,"16","15","17","19","15","13","15","18","12","19","33","30","13","26","16","12","10","5","25","21","12","11","9","11","11","9","12","13","10","6","20","20","15","10","18","17","17","15","19","10",FALSE
"ID0451","Habitante_451",18,"M",NA,NA,"18","19","19","15","13","12","16","19","15","18","31","30","13","24","12","14","5","7","18","23","11","11","10","11","11","8","11","12","7","6","15","11","12","10","18","18","25","23","11","11",FALSE
"ID0452","Habitante_452",57,"M",NA,NA,"19","19","17","19","8","12","28","23","13","10","36","31","22","18","9","10","9","5","28","29","14","9","10","9","7","12","15","13","6","9","13","13","10","10","17","17","19","23","19","11",FALSE
"ID0453","Habitante_453",51,"F",NA,NA,"16","19","19","16","9","15","22","22","14","15","33","25","21","15","16","9","7","7","24","21","11","8","9","10","10","14","9","15","10","10","18","10","16","10","11","9","17","20","10","15",FALSE
"ID0454","Habitante_454",40,"F",NA,NA,"16","19","17","15","14","12","23","15","13","16","29","33","11","13","12","12","5","6","27","29","11","12","11","9","8","6","12","15","6","6","14","13","12","12","9","19","23","19","8","9",FALSE
"ID0455","Habitante_455",80,"F",NA,NA,"14","14","18","17","14","11","23","17","17","13","33","29","16","19","16","14","5","10","23","27","7","8","11","14","14","13","8","15","10","6","13","13","12","11","13","18","25","23","15","18",FALSE
"ID0456","Habitante_456",41,"F",NA,NA,"19","14","14","18","13","13","28","17","19","19","29","25","22","14","11","14","5","6","21","27","9","12","14","13","9","15","12","16","7","9","11","13","10","12","17","18","24","17","8","9",FALSE
"ID0457","Habitante_457",33,"M",NA,NA,"16","19","16","18","8","8","25","19","14","19","30","32","22","15","9","12","10","5","23","30","12","9","9","11","9","11","10","11","12","6","13","19","16","12","14","16","22","18","11","19",FALSE
"ID0458","Habitante_458",34,"F",NA,NA,"19","19","14","17","13","8","17","25","16","18","31","38","14","21","11","12","9","5","21","23","8","12","15","10","14","8","8","12","6","6","19","18","10","15","16","13","22","15","10","8",FALSE
"ID0459","Habitante_459",29,"F",NA,NA,"19","14","17","14","14","12","28","19","15","19","26","25","11","17","10","9","5","6","26","27","12","12","15","9","13","11","12","9","6","9","13","14","10","9","8","18","23","17","12","12",FALSE
"ID0460","Habitante_460",56,"M",NA,NA,"14","12","19","17","12","15","21","24","15","9","26","29","17","22","10","14","7","10","28","27","13","14","12","15","11","9","9","9","10","10","13","18","12","15","12","18","25","17","10","8",FALSE
"ID0461","Habitante_461",36,"M",NA,NA,"19","19","19","14","8","12","17","23","9","18","34","24","16","21","9","14","5","9","23","24","9","14","12","9","6","11","9","14","8","6","16","10","9","16","10","8","23","20","15","17",FALSE
"ID0462","Habitante_462",46,"F",NA,NA,"19","12","19","17","12","15","17","17","18","12","31","38","14","25","9","14","6","5","27","19","8","11","11","9","6","9","13","12","6","10","13","13","10","12","17","16","17","25","19","11",FALSE
"ID0463","Habitante_463",33,"F",NA,NA,"19","19","19","17","15","8","26","22","18","18","37","34","21","17","14","12","6","5","30","21","11","10","10","9","14","15","13","7","9","6","13","13","8","8","14","17","16","21","9","9",FALSE
"ID0464","Habitante_464",32,"M",NA,NA,"19","12","19","17","12","9","19","26","14","13","27","29","13","15","16","12","6","9","23","30","8","14","11","10","13","13","13","13","9","10","10","15","12","12","12","11","22","17","12","9",FALSE
"ID0465","Habitante_465",51,"M",NA,NA,"16","19","17","19","15","15","22","22","18","14","27","35","14","9","11","14","6","9","24","21","8","8","8","10","12","11","13","9","6","11","18","18","15","12","18","17","25","17","15","8",FALSE
"ID0466","Habitante_466",36,"F",NA,NA,"14","19","19","17","8","10","15","15","10","15","30","34","20","13","10","14","5","6","24","28","8","11","15","13","8","9","9","13","9","6","19","10","12","10","9","18","19","17","15","11",FALSE
"ID0467","Habitante_467",48,"M",NA,NA,"19","12","17","14","12","15","15","19","14","10","34","38","9","20","9","14","5","5","29","21","9","12","9","10","13","6","12","12","10","9","19","13","10","15","18","10","20","19","8","12",FALSE
"ID0468","Habitante_468",62,"F",NA,NA,"19","19","17","17","15","13","19","15","14","19","30","26","21","26","15","11","10","6","30","19","9","12","10","9","14","9","11","15","7","6","13","10","10","12","14","18","18","17","8","12",FALSE
"ID0469","Habitante_469",18,"M",NA,NA,"18","14","19","19","12","14","15","16","15","18","28","35","17","10","11","12","9","5","26","29","8","8","15","11","7","9","13","13","13","8","13","13","16","10","12","9","25","23","9","12",FALSE
"ID0470","Habitante_470",41,"F",NA,NA,"12","19","21","19","9","15","17","22","10","19","32","30","23","10","12","10","7","5","26","27","11","11","15","10","8","9","9","9","6","6","16","10","8","10","18","19","17","24","15","19",FALSE
"ID0471","Habitante_471",55,"F",NA,NA,"16","19","15","18","8","13","26","22","16","11","25","26","16","14","12","10","5","6","29","27","8","11","10","12","13","10","13","12","6","9","10","19","16","8","9","8","19","19","16","8",FALSE
"ID0472","Habitante_472",24,"M",NA,NA,"19","19","19","21","15","14","19","26","19","19","35","38","21","19","14","14","5","7","24","30","9","9","9","11","9","14","13","9","6","10","13","19","10","10","16","8","17","22","10","13",FALSE
"ID0473","Habitante_473",23,"M",NA,NA,"19","19","17","19","8","12","15","24","19","10","34","34","16","26","17","12","6","7","23","27","8","8","15","10","14","7","13","14","10","10","15","10","10","10","14","17","15","25","8","15",FALSE
"ID0474","Habitante_474",18,"M",NA,NA,"19","19","19","17","12","9","15","25","11","18","37","29","16","15","14","14","10","7","25","26","9","15","9","11","13","9","12","14","11","10","13","15","15","13","18","13","17","16","15","12",FALSE
"ID0475","Habitante_475",31,"F",NA,NA,"14","19","17","19","14","8","28","15","18","19","32","32","22","13","12","12","10","9","27","29","14","15","9","9","10","6","13","13","6","10","13","18","12","16","19","10","21","22","12","8",FALSE
"ID0476","Habitante_476",30,"F",NA,NA,"19","19","17","17","8","10","25","17","9","9","38","31","23","26","11","15","5","5","21","26","11","12","10","15","8","12","9","15","10","7","19","15","13","12","18","19","23","25","9","19",FALSE
"ID0477","Habitante_477",32,"F",NA,NA,"15","19","19","14","8","15","26","21","11","18","26","30","10","13","12","10","5","5","23","27","11","9","9","12","13","14","7","13","10","10","13","17","12","9","14","19","22","23","11","12",FALSE
"ID0478","Habitante_478",64,"F",NA,NA,"14","15","14","14","12","8","23","22","10","13","37","33","14","25","16","9","5","7","27","21","14","12","9","10","11","8","8","15","7","6","20","10","12","9","9","14","25","23","12","19",FALSE
"ID0479","Habitante_479",25,"F",NA,NA,"13","19","15","15","14","14","16","25","15","18","34","38","17","16","9","14","9","5","21","21","15","9","9","9","9","11","12","15","11","10","13","13","13","12","10","9","23","15","8","9",FALSE
"ID0480","Habitante_480",60,"F",NA,NA,"14","19","14","19","8","14","28","15","18","9","38","34","16","14","16","9","5","5","30","23","10","12","15","9","11","13","12","13","11","9","10","13","9","15","14","8","21","25","9","11",FALSE
"ID0481","Habitante_481",53,"F",NA,NA,"19","19","17","17","15","11","28","23","10","10","34","38","16","22","9","12","5","5","30","21","15","8","9","9","12","8","9","8","9","9","18","13","12","8","13","9","17","24","10","8",FALSE
"ID0482","Habitante_482",33,"F",NA,NA,"16","14","19","19","8","13","26","17","8","16","34","24","17","25","9","12","11","7","24","21","9","14","9","15","11","8","9","12","6","9","10","13","16","9","17","16","20","20","11","11",FALSE
"ID0483","Habitante_483",33,"M",NA,NA,"19","19","19","14","8","14","17","15","14","14","33","33","25","26","12","9","10","6","23","26","12","12","10","8","14","12","13","10","6","6","13","10","12","9","18","18","16","22","8","9",FALSE
"ID0484","Habitante_484",55,"M",NA,NA,"14","16","17","14","15","13","17","17","11","11","29","30","13","10","14","12","7","9","29","23","7","8","13","9","12","9","10","8","8","6","13","19","12","12","9","19","21","17","19","8",FALSE
"ID0485","Habitante_485",40,"F",NA,NA,"14","19","19","17","8","8","22","21","12","19","29","38","11","11","17","12","5","6","23","23","8","7","9","10","11","9","11","13","6","9","16","13","10","16","17","18","22","19","15","8",FALSE
"ID0486","Habitante_486",75,"M",NA,NA,"14","19","21","18","13","15","17","22","13","12","33","31","22","22","9","14","5","5","26","30","14","14","9","10","12","10","12","12","6","6","19","16","12","12","8","9","19","20","15","8",FALSE
"ID0487","Habitante_487",36,"F",NA,NA,"19","19","17","19","12","12","17","19","14","12","34","30","26","16","12","16","5","6","27","21","13","15","10","10","11","9","16","13","6","7","19","20","12","12","18","19","23","21","12","13",FALSE
"ID0488","Habitante_488",25,"F",NA,NA,"16","12","17","19","15","14","21","17","9","11","30","38","16","19","10","9","7","9","24","21","7","12","13","10","13","8","15","9","7","9","19","13","11","15","14","15","20","21","11","15",FALSE
"ID0489","Habitante_489",28,"F",NA,NA,"19","12","14","21","15","11","23","23","12","8","33","38","11","22","12","12","11","9","24","18","12","9","11","10","10","10","12","13","10","6","16","13","10","10","13","18","25","23","9","18",FALSE
"ID0490","Habitante_490",60,"M",NA,NA,"19","19","19","17","12","14","28","21","11","12","27","33","14","24","9","16","6","5","21","23","14","9","9","15","13","9","7","11","6","6","13","11","8","16","19","9","25","24","11","12",FALSE
"ID0491","Habitante_491",18,"M",NA,NA,"19","19","14","17","14","15","15","15","8","14","38","38","27","21","11","11","6","10","30","30","9","7","10","9","12","14","11","13","10","10","13","10","12","10","18","9","21","17","11","19",FALSE
"ID0492","Habitante_492",26,"M",NA,NA,"14","19","19","17","10","8","26","24","19","18","26","34","10","10","11","13","7","5","29","30","10","8","10","9","14","14","9","15","6","6","13","15","8","15","18","17","16","20","8","19",FALSE
"ID0493","Habitante_493",57,"M",NA,NA,"16","19","17","17","12","13","21","28","10","16","24","33","26","25","15","10","9","6","26","28","7","8","9","10","7","12","14","15","7","6","13","19","12","11","15","19","23","21","11","11",FALSE
"ID0494","Habitante_494",42,"M",NA,NA,"19","14","19","17","14","13","26","23","16","11","24","33","25","24","10","14","7","7","22","27","15","10","10","9","9","12","9","9","6","6","13","11","10","8","9","8","19","17","8","18",FALSE
"ID0495","Habitante_495",35,"M",NA,NA,"19","19","18","19","14","13","22","15","11","13","30","26","20","22","16","14","11","7","23","21","13","12","9","9","11","9","9","15","6","6","13","16","12","12","17","14","23","25","14","10",FALSE
"ID0496","Habitante_496",49,"F",NA,NA,"14","19","14","19","8","11","19","17","15","15","33","25","26","15","12","14","5","6","27","30","12","9","13","9","13","8","12","16","6","6","13","10","16","10","18","9","17","19","9","11",FALSE
"ID0497","Habitante_497",47,"F",NA,NA,"14","14","19","17","9","12","22","17","11","8","33","38","14","16","16","16","5","7","29","23","8","12","10","9","12","10","15","8","6","6","19","13","15","9","9","10","19","22","8","15",FALSE
"ID0498","Habitante_498",28,"M",NA,NA,"18","19","18","19","12","12","26","26","18","14","26","30","18","15","14","10","5","5","28","26","10","9","9","10","9","8","15","8","6","6","13","19","12","10","14","12","17","20","11","8",FALSE
"ID0499","Habitante_499",34,"F",NA,NA,"16","14","18","17","15","15","26","23","12","13","38","33","11","10","11","14","6","5","26","30","12","7","15","13","14","14","12","12","10","6","11","13","9","8","17","14","25","25","9","12",FALSE
"ID0500","Habitante_500",30,"F",NA,NA,"14","19","17","15","15","14","26","24","18","15","31","27","22","22","14","13","6","6","20","23","12","8","9","10","10","12","7","9","6","9","13","10","10","10","9","14","21","20","11","13",FALSE
"ID0501","Habitante_501",24,"F",NA,NA,"14","19","17","17","8","15","17","25","13","9","34","34","21","9","14","9","6","11","24","27","15","8","9","11","12","11","11","15","9","7","11","17","8","12","11","10","20","25","15","8",FALSE
"ID0502","Habitante_502",55,"F",NA,NA,"14","19","17","15","8","15","15","23","13","10","24","32","10","10","14","9","5","6","28","21","15","9","9","13","8","10","13","13","6","6","19","13","12","10","10","14","25","17","8","12",FALSE
"ID0503","Habitante_503",55,"M",NA,NA,"19","12","19","19","15","14","23","27","14","13","38","27","17","25","12","10","5","7","23","26","8","8","10","10","10","11","7","12","6","10","10","13","10","10","17","14","16","23","13","12",FALSE
"ID0504","Habitante_504",53,"M",NA,NA,"15","14","14","18","15","8","28","23","14","18","38","31","25","22","14","17","5","5","29","21","12","9","10","9","15","9","13","14","6","6","10","10","10","9","10","17","23","17","19","12",FALSE
"ID0505","Habitante_505",40,"M",NA,NA,"19","19","19","17","13","12","24","21","14","17","38","27","25","23","11","16","6","5","30","21","12","14","9","9","9","11","9","11","7","7","13","19","10","12","9","17","21","20","8","9",FALSE
"ID0506","Habitante_506",46,"M",NA,NA,"19","19","17","19","12","8","23","21","9","15","24","38","27","17","14","9","7","7","27","29","15","11","10","12","11","12","9","9","6","7","11","13","10","10","12","19","17","23","15","15",FALSE
"ID0507","Habitante_507",40,"F",NA,NA,"12","19","17","21","13","8","15","17","18","11","24","37","14","13","12","9","5","6","21","30","13","12","9","12","9","9","15","15","6","9","10","13","10","10","9","18","25","23","9","9",FALSE
"ID0508","Habitante_508",64,"M",NA,NA,"14","19","14","19","8","12","25","25","9","18","38","34","22","22","9","17","6","7","21","23","15","8","9","10","9","12","13","12","6","10","10","14","10","10","12","8","25","21","8","15",FALSE
"ID0509","Habitante_509",53,"F",NA,NA,"14","19","19","14","14","15","16","22","16","12","24","38","22","13","10","12","5","5","27","28","12","15","11","9","14","9","9","15","9","6","19","10","8","15","12","14","23","17","15","8",FALSE
"ID0510","Habitante_510",48,"F",NA,NA,"19","19","17","18","13","8","25","15","11","18","35","26","18","13","12","10","6","5","23","23","12","12","9","15","9","11","15","13","10","11","18","13","12","17","18","10","17","19","19","15",FALSE
"ID0511","Habitante_511",52,"M",NA,NA,"19","14","17","14","14","8","15","26","18","10","25","38","14","13","17","9","10","5","30","27","14","10","13","8","15","9","11","11","6","10","11","20","9","9","14","9","22","21","12","8",FALSE
"ID0512","Habitante_512",41,"F",NA,NA,"14","19","14","17","15","8","25","22","13","11","29","29","12","23","12","10","10","9","26","30","8","13","9","9","13","10","12","14","6","7","16","10","12","10","17","17","16","23","11","11",FALSE
"ID0513","Habitante_513",30,"M",NA,NA,"19","12","18","19","13","8","17","21","14","17","38","27","18","18","14","11","10","6","28","30","8","8","10","9","13","12","9","12","6","6","10","13","12","12","12","13","21","16","8","19",FALSE
"ID0514","Habitante_514",38,"F",NA,NA,"19","12","15","17","14","14","28","23","10","13","33","38","14","11","17","17","6","5","27","20","9","14","10","9","11","13","9","15","6","6","13","19","13","12","18","9","20","18","11","9",FALSE
"ID0515","Habitante_515",21,"M",NA,NA,"16","19","14","19","8","8","15","23","18","10","25","38","14","24","17","11","7","5","26","30","9","9","12","12","7","9","9","9","6","7","13","10","8","12","12","19","22","19","15","12",FALSE
"ID0516","Habitante_516",32,"F",NA,NA,"14","18","17","17","12","8","17","17","19","11","28","34","14","24","10","10","5","9","23","18","10","12","10","9","14","11","15","9","6","11","13","10","10","12","15","12","23","15","13","10",FALSE
"ID0517","Habitante_517",29,"M",NA,NA,"19","14","17","18","13","13","22","21","15","11","35","33","15","14","14","12","7","10","23","21","12","8","14","10","9","11","9","8","11","6","15","14","12","13","14","14","23","23","19","8",FALSE
"ID0518","Habitante_518",51,"F",NA,NA,"19","17","17","19","14","8","16","22","13","10","34","27","12","10","14","10","6","7","27","19","8","7","14","10","8","9","12","15","12","10","13","18","12","12","18","13","20","22","8","11",FALSE
"ID0519","Habitante_519",18,"M",NA,NA,"14","16","19","19","8","8","23","23","19","18","30","33","13","22","15","10","7","7","29","19","12","7","10","9","14","8","15","9","6","6","15","12","15","12","13","18","25","15","12","9",FALSE
"ID0520","Habitante_520",55,"F",NA,NA,"14","16","19","18","12","14","15","19","19","16","33","36","10","22","12","9","7","5","21","23","12","12","9","10","14","11","9","13","7","10","19","13","12","15","15","10","19","17","16","8",FALSE
"ID0521","Habitante_521",70,"F",NA,NA,"19","19","19","19","12","13","26","16","11","16","29","38","10","22","10","9","6","5","19","21","8","12","9","10","8","13","9","12","10","6","13","13","10","13","9","9","23","20","19","8",FALSE
"ID0522","Habitante_522",44,"M",NA,NA,"15","13","21","18","9","11","19","17","18","13","24","26","23","22","12","16","7","7","27","21","8","8","12","8","7","8","13","8","6","6","10","20","12","9","13","8","25","17","8","11",FALSE
"ID0523","Habitante_523",37,"F",NA,NA,"19","12","17","18","9","12","21","23","15","9","25","33","14","22","10","9","11","6","23","23","11","12","11","9","13","13","7","9","7","6","13","11","9","16","12","17","17","16","12","12",FALSE
"ID0524","Habitante_524",67,"F",NA,NA,"19","19","19","14","14","15","21","22","15","10","29","33","15","16","17","16","5","10","23","21","12","15","13","9","14","8","15","9","7","10","10","20","12","12","10","14","17","25","19","8",FALSE
"ID0525","Habitante_525",24,"M",NA,NA,"19","19","17","19","15","14","16","22","9","19","33","34","22","24","14","9","10","5","19","20","14","14","10","9","14","14","9","8","6","9","19","14","10","9","18","14","23","19","9","19",FALSE
"ID0526","Habitante_526",51,"F",NA,NA,"14","19","19","18","12","13","15","15","9","16","29","27","25","26","14","9","9","9","27","21","11","10","12","11","9","12","13","9","6","6","10","13","13","15","10","9","20","17","14","19",FALSE
"ID0527","Habitante_527",23,"F",NA,NA,"19","19","17","17","8","12","28","23","19","13","35","30","25","10","14","12","5","5","21","21","9","9","9","10","6","13","8","9","6","9","10","10","12","10","12","12","17","16","11","11",FALSE
"ID0528","Habitante_528",18,"F",NA,NA,"17","19","19","20","13","8","25","17","13","11","24","30","19","10","14","11","5","7","21","26","12","12","9","10","8","11","9","13","6","6","13","17","9","15","17","18","25","25","12","10",FALSE
"ID0529","Habitante_529",36,"M",NA,NA,"16","16","17","19","13","8","19","21","16","11","24","29","15","27","9","10","7","5","21","24","15","9","13","11","8","8","13","14","6","9","13","13","9","9","10","17","21","24","11","10",FALSE
"ID0530","Habitante_530",72,"F",NA,NA,"12","19","17","14","8","14","17","26","15","12","33","24","17","19","9","11","7","9","23","29","12","15","10","15","9","10","12","11","10","10","13","13","13","16","17","12","19","25","18","11",FALSE
"ID0531","Habitante_531",21,"F",NA,NA,"19","16","17","17","13","12","22","21","19","18","38","29","19","19","11","10","7","5","20","23","9","8","9","13","12","12","9","12","6","6","13","18","10","10","19","13","24","24","10","19",FALSE
"ID0532","Habitante_532",54,"F",NA,NA,"19","19","19","19","11","13","17","22","18","8","34","38","17","21","9","10","6","5","21","29","13","9","15","10","7","12","12","11","8","9","10","19","9","11","9","18","20","20","8","10",FALSE
"ID0533","Habitante_533",18,"F",NA,NA,"14","19","19","18","9","14","28","17","10","19","28","34","17","26","12","13","6","5","23","30","12","8","10","10","6","8","9","11","6","10","13","11","12","10","19","16","22","23","8","16",FALSE
"ID0534","Habitante_534",18,"M",NA,NA,"19","14","17","19","8","15","19","19","18","14","25","34","16","10","14","17","7","5","23","24","8","12","10","9","14","9","12","15","10","6","19","12","11","9","18","12","17","19","9","15",FALSE
"ID0535","Habitante_535",43,"F",NA,NA,"19","19","14","17","15","15","19","23","14","14","38","30","25","19","14","10","7","6","27","21","13","13","9","12","10","15","8","8","10","10","19","19","10","12","12","19","22","23","9","16",FALSE
"ID0536","Habitante_536",56,"M",NA,NA,"19","19","17","19","15","15","28","15","12","8","30","29","22","26","9","11","5","6","28","19","9","12","9","14","6","14","13","12","11","6","13","10","12","12","11","17","19","23","11","11",FALSE
"ID0537","Habitante_537",40,"F",NA,NA,"19","14","19","18","13","11","28","19","15","13","37","38","17","13","12","14","6","5","29","19","13","8","13","8","9","12","12","15","9","6","13","16","12","10","9","10","20","25","9","19",FALSE
"ID0538","Habitante_538",41,"F",NA,NA,"14","19","17","17","15","12","19","25","18","14","33","24","16","21","17","14","10","10","21","24","7","11","10","8","13","13","12","9","8","6","13","19","10","12","12","17","17","16","18","10",FALSE
"ID0539","Habitante_539",46,"F",NA,NA,"19","14","14","19","13","14","27","26","11","10","34","26","17","14","17","17","6","7","20","29","7","14","9","14","8","15","12","12","6","6","13","11","15","8","18","14","16","21","8","10",FALSE
"ID0540","Habitante_540",65,"F",NA,NA,"14","19","19","19","14","8","28","17","17","10","24","29","10","12","10","10","11","11","23","21","14","8","12","13","9","11","9","9","6","10","13","19","10","12","19","17","23","24","12","12",FALSE
"ID0541","Habitante_541",46,"M",NA,NA,"19","19","14","17","14","14","23","22","9","19","38","34","22","11","12","10","6","5","30","23","10","12","9","10","8","10","13","9","6","6","10","11","10","12","10","9","19","16","8","13",FALSE
"ID0542","Habitante_542",64,"F",NA,NA,"19","14","17","19","13","9","26","28","14","9","38","26","14","26","10","14","7","9","23","23","12","14","9","9","10","12","9","12","6","10","13","13","9","13","14","12","24","15","8","13",FALSE
"ID0543","Habitante_543",58,"M",NA,NA,"19","13","19","14","14","8","22","26","10","18","28","38","16","11","15","9","6","7","23","27","12","15","9","12","8","9","7","9","9","6","19","13","16","8","13","8","17","17","12","18",FALSE
"ID0544","Habitante_544",53,"F",NA,NA,"19","19","14","19","15","14","15","17","18","16","25","33","15","10","11","14","7","9","28","21","11","15","13","12","8","8","13","12","9","6","19","10","10","15","14","12","21","15","12","12",FALSE
"ID0545","Habitante_545",18,"F",NA,NA,"19","19","17","17","15","14","28","28","14","12","38","29","9","25","14","9","5","5","26","27","12","12","9","11","14","12","9","9","9","8","15","19","10","11","9","19","23","20","19","19",FALSE
"ID0546","Habitante_546",22,"F",NA,NA,"12","14","20","17","8","15","19","25","9","15","26","33","18","16","9","14","5","9","21","21","12","8","15","11","14","12","15","12","9","10","12","10","12","9","17","18","24","20","15","19",FALSE
"ID0547","Habitante_547",60,"M",NA,NA,"19","19","19","17","14","8","26","23","11","17","25","30","14","14","14","10","6","5","21","30","15","7","9","13","12","12","12","16","6","6","20","15","12","15","9","8","17","24","11","8",FALSE
"ID0548","Habitante_548",39,"F",NA,NA,"19","19","17","19","15","9","22","19","13","14","24","28","17","14","14","11","7","6","21","21","9","8","10","9","9","13","7","9","9","6","13","19","10","11","8","13","23","25","15","15",FALSE
"ID0549","Habitante_549",37,"F",NA,NA,"19","16","17","16","8","12","15","19","18","10","38","27","14","24","14","12","9","7","23","23","10","7","13","15","9","9","9","13","11","6","13","10","12","9","19","9","15","17","8","15",FALSE
"ID0550","Habitante_550",18,"F",NA,NA,"18","19","17","17","8","12","23","22","11","18","27","28","23","14","10","14","6","7","30","21","11","9","10","10","12","6","13","12","6","10","13","20","13","10","19","19","22","23","19","19",FALSE
"ID0551","Habitante_551",18,"M",NA,NA,"19","13","17","18","14","14","19","19","16","18","33","30","22","14","16","15","5","10","19","23","12","13","9","9","13","12","9","9","7","6","13","19","12","12","8","17","17","17","12","15",FALSE
"ID0552","Habitante_552",82,"M",NA,NA,"18","19","16","14","9","8","16","15","16","12","37","38","25","22","10","14","5","5","22","26","8","12","9","13","14","13","11","7","9","13","10","20","11","13","17","17","21","20","11","15",FALSE
"ID0553","Habitante_553",37,"F",NA,NA,"19","14","14","17","12","13","23","23","16","18","30","27","24","17","9","14","5","5","21","23","15","8","12","11","9","11","12","13","6","11","19","10","13","15","13","9","22","23","18","8",FALSE
"ID0554","Habitante_554",54,"M",NA,NA,"19","19","17","17","14","8","15","15","8","16","28","38","10","11","9","11","5","5","28","21","8","13","11","15","6","9","12","13","6","6","17","13","15","12","14","17","19","17","9","19",FALSE
"ID0555","Habitante_555",18,"F",NA,NA,"13","14","17","14","12","12","28","15","9","11","29","33","17","25","12","9","7","5","23","23","15","8","9","9","14","14","8","15","7","9","10","19","11","8","17","18","25","24","15","8",FALSE
"ID0556","Habitante_556",31,"F",NA,NA,"14","19","17","14","13","12","19","19","19","15","26","38","19","16","12","9","6","6","27","27","8","12","13","10","9","13","16","11","12","6","13","11","10","12","9","18","23","17","15","10",FALSE
"ID0557","Habitante_557",41,"M",NA,NA,"19","19","15","17","12","12","26","21","10","10","30","30","25","10","11","11","5","5","23","26","14","14","10","14","12","14","13","15","10","6","20","13","11","15","12","18","17","22","11","8",FALSE
"ID0558","Habitante_558",70,"F",NA,NA,"19","16","17","18","12","14","15","26","9","13","38","38","27","27","16","12","6","10","20","29","12","8","12","9","10","14","13","12","6","8","10","10","8","10","17","11","17","20","9","9",FALSE
"ID0559","Habitante_559",48,"F",NA,NA,"16","19","19","14","12","8","23","19","10","10","34","38","22","13","14","9","9","5","21","27","11","9","9","12","14","14","12","8","6","6","13","16","15","10","14","10","25","15","12","11",FALSE
"ID0560","Habitante_560",39,"M",NA,NA,"19","19","18","14","13","8","19","25","10","8","30","38","17","10","13","10","11","10","21","30","8","7","10","9","10","7","7","12","6","13","19","14","12","10","17","13","25","20","16","8",FALSE
"ID0561","Habitante_561",37,"F",NA,NA,"19","19","14","14","15","15","15","21","11","11","27","30","19","25","16","14","9","7","26","29","8","12","9","9","8","11","12","8","6","11","13","14","12","16","17","14","21","19","10","15",FALSE
"ID0562","Habitante_562",42,"M",NA,NA,"19","12","17","17","15","8","21","25","11","12","33","30","16","17","16","9","7","7","21","28","12","15","11","15","11","11","9","8","6","6","10","10","10","10","17","12","23","20","19","9",FALSE
"ID0563","Habitante_563",44,"M",NA,NA,"19","12","18","17","12","8","22","26","18","19","24","29","17","26","14","10","7","10","23","23","8","8","15","13","14","9","11","8","6","10","10","13","12","13","13","13","25","21","9","19",FALSE
"ID0564","Habitante_564",32,"M",NA,NA,"19","16","17","17","8","15","16","15","19","14","33","33","21","17","16","14","7","6","24","29","8","12","11","10","9","13","13","9","10","11","19","13","12","10","12","18","23","25","19","8",FALSE
"ID0565","Habitante_565",50,"F",NA,NA,"19","16","19","14","14","15","23","28","11","11","27","33","16","21","12","16","9","6","21","28","9","14","11","15","9","12","12","9","8","6","13","16","12","10","17","13","17","22","15","13",FALSE
"ID0566","Habitante_566",33,"F",NA,NA,"14","14","16","17","15","8","21","25","12","15","38","38","10","10","11","17","7","6","30","23","9","14","15","10","9","14","13","14","8","9","10","13","16","12","19","8","17","17","19","19",FALSE
"ID0567","Habitante_567",39,"M",NA,NA,"14","19","18","17","12","13","16","15","16","10","24","26","19","13","14","14","7","10","30","21","7","10","9","9","14","12","10","7","6","6","11","13","12","16","18","17","23","20","9","10",FALSE
"ID0568","Habitante_568",51,"F",NA,NA,"19","12","20","19","13","11","17","21","9","18","24","28","26","13","13","9","11","9","23","28","12","12","13","9","11","11","11","9","6","11","13","16","9","15","13","9","25","19","11","12",FALSE
"ID0569","Habitante_569",38,"M",NA,NA,"14","19","19","17","13","13","28","22","19","13","38","31","16","9","9","9","6","10","19","27","15","7","9","12","9","8","7","12","6","7","10","10","12","10","9","18","21","17","11","19",FALSE
"ID0570","Habitante_570",44,"F",NA,NA,"12","19","19","14","15","12","19","15","14","14","38","36","26","22","10","11","5","5","29","19","7","15","9","9","13","14","12","16","6","6","18","13","9","12","11","18","16","20","16","16",FALSE
"ID0571","Habitante_571",39,"F",NA,NA,"19","19","18","15","12","8","19","21","11","10","33","31","23","22","12","9","5","6","24","28","13","8","10","10","10","8","15","9","6","7","10","10","12","12","19","17","17","20","8","9",FALSE
"ID0572","Habitante_572",41,"M",NA,NA,"19","15","17","19","13","12","26","21","9","18","29","26","13","24","10","14","9","9","27","27","12","12","10","10","14","11","13","12","10","6","13","13","12","10","10","14","17","24","10","15",FALSE
"ID0573","Habitante_573",46,"M",NA,NA,"12","12","19","17","8","13","23","16","8","10","38","26","22","22","9","9","5","5","21","28","13","15","14","9","12","12","8","9","9","6","18","13","8","9","19","18","21","23","12","8",FALSE
"ID0574","Habitante_574",38,"F",NA,NA,"14","19","17","18","8","9","28","16","11","18","27","30","9","22","17","12","6","9","19","29","12","9","11","9","9","8","12","12","9","6","13","10","12","12","18","18","25","20","12","15",FALSE
"ID0575","Habitante_575",58,"F",NA,NA,"19","14","19","19","8","8","28","24","12","15","27","25","10","22","15","9","5","5","23","20","11","7","10","12","14","10","9","10","6","6","19","13","8","15","9","18","17","15","16","19",FALSE
"ID0576","Habitante_576",27,"M",NA,NA,"16","14","19","14","12","15","19","17","17","15","26","30","17","22","12","14","7","10","19","21","12","11","15","13","8","12","12","9","6","6","10","18","13","10","19","18","17","22","8","15",FALSE
"ID0577","Habitante_577",56,"F",NA,NA,"15","19","14","18","13","11","23","25","9","11","29","26","27","17","9","12","7","7","29","23","8","14","10","11","15","11","13","14","7","6","13","10","10","9","12","12","21","15","9","11",FALSE
"ID0578","Habitante_578",60,"M",NA,NA,"14","19","19","14","8","12","21","22","13","11","24","29","17","11","12","10","5","5","28","28","7","13","10","9","11","10","13","7","6","6","19","20","9","10","18","10","19","17","15","18",FALSE
"ID0579","Habitante_579",37,"M",NA,NA,"14","15","19","17","12","15","28","15","18","18","31","36","21","26","16","10","5","6","21","23","11","14","11","13","15","11","8","8","6","6","13","20","16","15","8","19","23","23","10","19",FALSE
"ID0580","Habitante_580",18,"M",NA,NA,"13","14","18","21","13","15","21","25","19","9","38","30","15","11","9","13","6","5","25","27","15","7","15","9","13","14","13","8","10","13","11","13","12","12","17","11","17","25","12","12",FALSE
"ID0581","Habitante_581",41,"M",NA,NA,"19","15","17","14","14","13","26","17","19","17","38","38","22","25","11","12","11","5","21","28","13","10","10","10","12","8","15","15","6","6","10","13","12","10","16","19","25","21","8","8",FALSE
"ID0582","Habitante_582",48,"F",NA,NA,"19","19","19","14","11","15","17","17","11","9","31","24","25","10","12","10","7","11","21","22","15","9","9","12","12","6","9","12","6","6","19","13","12","10","13","14","23","19","19","9",FALSE
"ID0583","Habitante_583",33,"M",NA,NA,"14","12","14","17","8","8","19","23","11","19","34","29","14","9","14","12","5","6","30","27","12","12","10","12","10","14","15","12","6","6","13","11","10","10","19","19","25","22","11","10",FALSE
"ID0584","Habitante_584",39,"F",NA,NA,"19","19","19","17","9","12","15","25","18","18","24","27","16","17","16","14","8","6","21","26","12","12","11","9","8","14","13","8","6","6","11","19","15","13","17","17","17","24","9","16",FALSE
"ID0585","Habitante_585",41,"M",NA,NA,"12","19","19","14","13","8","16","26","14","15","34","34","22","21","12","13","6","5","19","21","7","12","10","10","8","6","13","13","6","6","18","18","13","12","18","12","20","16","19","12",FALSE
"ID0586","Habitante_586",49,"F",NA,NA,"14","14","18","18","9","15","26","21","18","14","38","31","19","22","17","9","10","7","23","21","12","15","10","10","9","9","12","14","8","6","19","13","8","8","18","13","15","25","11","19",FALSE
"ID0587","Habitante_587",80,"M",NA,NA,"16","19","15","18","12","14","23","23","9","19","26","31","22","26","14","17","6","5","21","27","9","8","9","10","14","9","12","15","8","7","20","18","13","9","10","17","23","21","15","19",FALSE
"ID0588","Habitante_588",21,"M",NA,NA,"19","12","19","19","15","14","21","19","18","15","24","31","19","14","10","9","6","9","27","21","9","12","9","10","14","14","9","14","6","6","13","10","10","12","9","8","23","22","11","9",FALSE
"ID0589","Habitante_589",61,"M",NA,NA,"19","14","17","19","15","12","15","25","9","17","35","35","25","18","12","14","10","5","28","28","11","14","9","15","11","10","9","15","6","10","19","19","11","16","14","13","23","20","11","8",FALSE
"ID0590","Habitante_590",70,"F",NA,NA,"19","19","14","17","11","9","19","23","19","12","38","30","25","14","9","11","5","6","28","23","8","8","10","9","8","13","13","13","10","10","18","20","12","15","16","18","22","17","8","9",FALSE
"ID0591","Habitante_591",40,"F",NA,NA,"19","19","18","17","15","9","27","26","11","19","34","27","27","9","14","9","5","7","21","23","9","15","8","9","12","11","12","13","11","10","19","13","12","11","10","17","16","25","8","11",FALSE
"ID0592","Habitante_592",56,"F",NA,NA,"18","19","17","14","15","15","22","22","14","19","25","30","22","21","14","14","5","5","22","28","11","14","10","10","12","11","13","9","6","6","13","13","8","10","9","19","21","16","9","11",FALSE
"ID0593","Habitante_593",18,"F",NA,NA,"19","14","19","17","8","9","17","21","16","12","38","35","10","11","9","10","5","5","26","27","14","14","8","13","13","14","13","9","7","9","13","13","10","13","13","10","22","17","9","8",FALSE
"ID0594","Habitante_594",54,"F",NA,NA,"19","19","19","17","8","11","19","15","14","12","34","38","22","13","10","12","5","9","21","23","12","12","9","9","6","9","8","15","7","6","13","13","8","12","13","15","17","16","10","15",FALSE
"ID0595","Habitante_595",62,"F",NA,NA,"19","19","17","17","11","14","22","23","14","19","30","27","17","15","11","14","7","5","27","23","11","11","9","9","9","13","14","12","6","6","13","19","15","12","8","17","19","17","11","8",FALSE
"ID0596","Habitante_596",38,"F",NA,NA,"19","19","19","17","12","13","23","22","14","12","31","25","12","17","9","12","6","5","26","21","13","12","9","15","10","12","9","9","6","7","13","10","16","10","9","11","22","23","17","12",FALSE
"ID0597","Habitante_597",26,"F",NA,NA,"19","14","17","17","15","15","28","26","11","19","27","38","13","13","14","11","7","9","19","23","13","11","11","11","9","14","14","7","7","10","16","19","10","12","19","8","24","20","17","12",FALSE
"ID0598","Habitante_598",64,"M",NA,NA,"19","18","17","17","8","12","15","17","11","16","34","38","27","25","14","16","9","9","27","23","12","15","13","9","9","11","9","9","7","11","10","18","10","16","11","19","25","24","10","8",FALSE
"ID0599","Habitante_599",83,"M",NA,NA,"19","15","19","18","15","12","15","28","8","15","38","34","16","21","9","14","6","9","19","23","12","9","11","15","14","8","15","12","6","8","16","18","10","13","13","17","23","25","17","12",FALSE
"ID0600","Habitante_600",38,"M",NA,NA,"19","19","17","19","13","11","23","15","18","14","34","38","25","13","14","9","5","6","25","26","8","7","11","9","12","14","13","11","6","10","13","19","9","12","18","8","17","23","11","9",FALSE
"ID0601","Habitante_601",52,"F",NA,NA,"19","19","19","19","8","15","24","24","18","9","31","26","22","15","16","9","7","6","24","30","12","12","13","10","11","11","9","12","6","6","11","13","10","10","13","8","23","23","16","10",FALSE
"ID0602","Habitante_602",74,"M",NA,NA,"19","19","14","16","12","15","19","24","13","14","33","36","23","21","14","14","5","7","30","27","13","7","9","13","11","12","9","9","12","10","16","19","15","14","12","12","15","24","10","12",FALSE
"ID0603","Habitante_603",43,"M",NA,NA,"19","16","18","14","15","12","15","23","13","11","33","24","21","21","14","12","5","10","19","23","7","8","11","9","11","10","9","9","7","6","13","10","10","13","12","12","19","17","13","8",FALSE
"ID0604","Habitante_604",76,"F",NA,NA,"19","14","17","19","15","14","22","18","19","12","33","36","18","17","14","10","7","5","21","20","11","9","9","9","9","14","15","13","9","6","17","10","12","12","18","8","17","23","8","19",FALSE
"ID0605","Habitante_605",49,"M",NA,NA,"19","19","17","14","8","14","26","28","19","8","38","33","26","27","17","9","5","5","30","30","7","12","10","9","8","14","13","9","8","11","13","18","9","12","17","17","25","24","15","15",FALSE
"ID0606","Habitante_606",53,"M",NA,NA,"19","19","17","17","15","12","24","15","19","12","33","33","25","15","16","9","5","11","23","27","11","9","9","10","11","13","12","15","8","11","10","13","9","12","18","13","23","23","9","11",FALSE
"ID0607","Habitante_607",40,"M",NA,NA,"12","19","18","14","14","15","17","22","13","18","30","25","22","22","12","17","10","5","20","23","8","12","10","9","13","14","15","15","9","6","10","13","10","12","17","16","17","17","10","8",FALSE
"ID0608","Habitante_608",36,"M",NA,NA,"16","19","18","19","11","11","19","21","18","17","24","33","13","25","14","12","5","10","24","26","12","9","13","13","14","8","9","9","6","6","18","19","10","12","18","9","23","20","8","10",FALSE
"ID0609","Habitante_609",48,"M",NA,NA,"19","19","17","19","15","8","16","17","9","15","30","33","22","22","17","10","6","5","19","24","12","7","10","14","8","13","11","9","6","6","14","13","12","10","14","9","15","20","19","15",FALSE
"ID0610","Habitante_610",25,"M",NA,NA,"16","19","19","14","15","15","21","28","10","18","30","38","13","21","12","10","5","5","29","30","12","12","10","10","8","13","9","9","6","6","17","13","16","12","11","9","23","25","19","8",FALSE
"ID0611","Habitante_611",63,"F",NA,NA,"19","14","18","17","15","8","26","28","13","15","33","30","14","22","9","10","5","5","21","18","13","12","10","8","14","14","9","13","6","6","13","13","10","15","13","17","22","16","19","11",FALSE
"ID0612","Habitante_612",53,"F",NA,NA,"19","19","18","17","12","15","22","21","14","14","38","38","10","18","14","14","11","10","27","19","8","9","9","11","9","11","15","13","11","6","10","16","12","10","17","13","15","15","19","8",FALSE
"ID0613","Habitante_613",74,"F",NA,NA,"12","16","17","19","8","9","16","22","8","19","30","29","25","26","14","14","5","10","23","21","12","7","9","15","8","13","8","11","6","9","16","19","12","8","17","10","23","23","15","15",FALSE
"ID0614","Habitante_614",32,"M",NA,NA,"19","17","19","18","15","8","26","19","14","14","31","26","26","23","12","14","6","5","20","23","11","12","11","11","10","7","8","8","6","6","10","10","10","10","19","14","23","23","19","9",FALSE
"ID0615","Habitante_615",40,"M",NA,NA,"19","19","18","14","14","12","17","27","14","10","38","33","26","13","14","17","9","10","20","28","11","14","9","9","9","8","8","8","6","10","15","15","15","10","17","13","21","17","17","19",FALSE
"ID0616","Habitante_616",62,"F",NA,NA,"19","19","14","14","14","8","23","23","13","9","34","38","22","14","14","9","11","6","29","21","9","7","13","14","9","11","12","11","7","7","17","19","12","9","17","17","16","21","12","10",FALSE
"ID0617","Habitante_617",45,"M",NA,NA,"19","18","21","18","8","15","25","23","12","10","26","26","25","22","9","14","9","5","21","30","10","13","10","15","11","13","10","9","6","6","15","13","10","16","9","18","17","21","9","8",FALSE
"ID0618","Habitante_618",27,"F",NA,NA,"19","19","21","21","8","12","19","17","10","12","35","31","22","17","11","12","7","6","21","21","13","9","13","11","9","15","14","12","6","11","13","10","12","12","12","18","23","24","11","8",FALSE
"ID0619","Habitante_619",51,"F",NA,NA,"19","19","17","14","14","15","17","21","11","19","34","24","10","14","16","16","9","7","30","21","15","15","9","15","14","9","12","12","9","9","13","11","16","10","10","12","21","17","16","14",FALSE
"ID0620","Habitante_620",47,"F",NA,NA,"19","19","17","17","8","15","22","25","12","19","32","25","17","10","9","9","7","6","25","21","7","9","13","10","11","8","15","12","6","6","11","11","12","8","8","18","20","21","11","13",FALSE
"ID0621","Habitante_621",33,"F",NA,NA,"14","19","19","19","14","15","24","15","14","8","33","38","22","9","10","9","6","5","21","19","7","12","9","9","8","14","13","9","6","6","10","10","9","12","13","12","23","25","19","11",FALSE
"ID0622","Habitante_622",71,"F",NA,NA,"19","14","14","18","13","15","15","23","18","18","28","33","9","14","9","14","5","5","28","26","9","8","13","11","8","7","9","7","10","7","13","11","15","9","14","8","20","25","11","8",FALSE
"ID0623","Habitante_623",61,"F",NA,NA,"19","19","17","17","14","9","24","17","12","11","38","28","14","21","14","14","6","11","30","23","14","12","13","9","14","15","9","11","9","7","10","16","8","10","17","9","20","20","9","8",FALSE
"ID0624","Habitante_624",27,"M",NA,NA,"14","19","17","19","8","13","28","15","18","15","34","27","16","17","11","12","10","6","27","18","12","9","10","9","13","11","12","8","6","6","13","13","15","12","9","9","23","17","12","8",FALSE
"ID0625","Habitante_625",65,"M",NA,NA,"19","19","17","14","15","15","16","17","10","12","24","38","10","9","10","17","7","6","26","27","7","8","13","10","12","13","13","7","6","8","10","15","10","10","17","14","23","22","15","19",FALSE
"ID0626","Habitante_626",42,"F",NA,NA,"16","12","19","20","8","12","17","28","8","14","25","26","26","11","9","12","6","7","29","21","9","12","9","9","8","14","9","13","10","6","13","13","15","9","18","8","24","25","8","19",FALSE
"ID0627","Habitante_627",38,"F",NA,NA,"19","16","19","19","11","11","25","23","14","11","27","31","14","16","9","9","7","6","23","29","14","12","10","15","8","8","7","13","6","6","13","10","13","10","9","9","17","16","15","9",FALSE
"ID0628","Habitante_628",18,"M",NA,NA,"14","14","19","18","15","14","22","17","19","19","30","38","22","17","14","9","6","6","28","29","12","8","9","10","6","10","13","12","6","6","20","10","13","8","18","12","23","16","19","11",FALSE
"ID0629","Habitante_629",51,"M",NA,NA,"19","14","17","14","15","8","16","26","10","12","31","30","22","21","16","14","6","6","30","19","7","12","10","9","9","7","12","11","7","6","19","13","10","15","12","18","25","23","15","8",FALSE
"ID0630","Habitante_630",45,"M",NA,NA,"19","12","17","19","15","8","25","22","15","18","25","38","14","12","14","14","5","5","19","21","12","8","9","9","13","9","14","12","11","6","13","13","10","9","14","18","23","17","19","19",FALSE
"ID0631","Habitante_631",52,"F",NA,NA,"19","19","18","17","15","12","18","28","18","9","27","34","22","10","13","17","7","7","28","21","13","15","10","9","15","6","13","14","7","9","13","13","10","10","14","10","15","23","8","10",FALSE
"ID0632","Habitante_632",69,"M",NA,NA,"19","19","17","21","13","15","19","27","19","16","33","26","19","19","12","10","10","11","23","28","9","8","10","10","11","11","13","9","9","7","14","11","12","9","18","12","20","20","9","8",FALSE
"ID0633","Habitante_633",25,"F",NA,NA,"16","19","14","18","13","8","24","23","14","11","38","33","13","21","10","9","6","5","19","29","9","8","10","9","9","13","8","10","7","6","13","13","12","15","8","8","17","17","8","12",FALSE
"ID0634","Habitante_634",44,"F",NA,NA,"16","13","18","14","13","9","21","19","9","13","37","24","22","14","14","9","5","11","23","30","12","12","10","9","12","11","15","13","6","6","13","19","10","9","19","9","22","20","10","9",FALSE
"ID0635","Habitante_635",32,"F",NA,NA,"18","14","19","17","12","14","23","28","11","14","29","38","16","21","14","11","11","6","28","30","12","11","13","10","14","9","14","9","7","6","10","13","10","9","14","17","17","22","15","8",FALSE
"ID0636","Habitante_636",52,"M",NA,NA,"19","19","19","17","8","15","17","21","11","11","30","30","21","26","11","9","6","9","30","27","7","8","9","9","10","13","12","9","10","10","10","13","9","10","14","12","20","16","8","8",FALSE
"ID0637","Habitante_637",27,"M",NA,NA,"19","14","18","14","8","12","23","21","14","14","24","33","25","10","12","17","10","7","27","22","9","10","15","13","12","12","14","9","7","9","14","11","15","9","13","15","16","25","11","12",FALSE
"ID0638","Habitante_638",56,"M",NA,NA,"13","12","14","19","15","8","21","19","10","10","25","38","16","12","9","14","6","6","29","19","12","9","9","13","9","15","11","13","10","10","11","13","15","12","13","16","23","19","17","11",FALSE
"ID0639","Habitante_639",51,"M",NA,NA,"14","19","14","19","8","15","28","16","14","18","37","24","25","14","12","12","5","7","27","19","8","7","9","11","12","11","15","14","6","6","13","13","15","10","18","9","19","20","8","10",FALSE
"ID0640","Habitante_640",71,"M",NA,NA,"19","19","19","17","15","8","21","23","12","12","30","29","22","10","11","11","10","6","28","27","14","8","15","9","7","15","8","13","10","6","13","10","8","12","17","19","25","17","12","15",FALSE
"ID0641","Habitante_641",30,"M",NA,NA,"19","12","17","17","10","8","22","23","19","15","34","24","19","10","12","9","11","6","21","23","13","12","9","13","11","6","13","11","9","9","13","10","8","12","12","19","20","23","10","15",FALSE
"ID0642","Habitante_642",18,"F",NA,NA,"19","12","19","19","12","12","16","24","19","11","25","26","22","13","12","10","5","7","21","28","12","11","10","10","9","15","12","9","10","12","11","19","16","12","9","19","24","21","13","19",FALSE
"ID0643","Habitante_643",41,"M",NA,NA,"19","19","17","14","14","8","16","19","9","15","34","38","13","13","9","13","11","7","19","26","13","8","15","9","11","8","9","8","13","6","11","13","11","11","12","18","17","20","19","11",FALSE
"ID0644","Habitante_644",18,"M",NA,NA,"14","14","19","17","14","12","24","27","17","19","27","32","21","13","17","10","7","9","19","26","13","12","9","9","11","12","11","15","6","6","19","13","10","10","13","9","25","17","12","8",FALSE
"ID0645","Habitante_645",53,"M",NA,NA,"14","19","19","21","14","14","15","28","14","18","24","27","21","11","14","14","5","9","30","20","12","15","10","14","15","12","13","15","6","10","10","19","10","9","14","17","25","25","11","11",FALSE
"ID0646","Habitante_646",45,"M",NA,NA,"16","12","17","19","8","15","22","26","15","13","29","33","25","22","9","9","10","5","30","24","8","12","9","10","12","14","9","12","6","6","13","16","9","11","10","8","23","22","19","18",FALSE
"ID0647","Habitante_647",37,"F",NA,NA,"14","14","18","14","8","13","25","21","13","12","27","25","13","27","9","9","7","9","21","27","10","14","10","9","9","11","8","9","6","6","13","19","9","12","17","9","17","24","17","18",FALSE
"ID0648","Habitante_648",45,"F",NA,NA,"19","14","14","19","8","13","28","28","12","8","24","26","18","22","14","16","11","10","21","21","9","8","9","13","13","15","15","15","10","6","13","10","8","13","12","14","21","21","18","11",FALSE
"ID0649","Habitante_649",28,"M",NA,NA,"19","14","17","18","14","12","18","24","19","8","29","38","9","14","10","12","10","7","20","21","7","11","12","12","9","8","9","13","10","10","10","19","12","12","13","14","17","17","8","9",FALSE
"ID0650","Habitante_650",41,"M",NA,NA,"19","16","18","14","14","12","22","21","17","8","25","24","16","25","11","15","5","9","29","30","14","9","10","10","14","14","13","11","6","6","13","13","12","15","17","17","16","17","10","15",FALSE
"ID0651","Habitante_651",61,"M",NA,NA,"14","19","17","18","13","8","22","25","19","11","29","32","22","26","13","14","10","7","28","28","8","9","9","14","8","9","9","8","6","8","13","19","12","11","17","10","23","17","12","10",FALSE
"ID0652","Habitante_652",36,"M",NA,NA,"19","14","20","17","13","13","19","26","9","14","25","33","21","17","10","14","5","8","23","26","11","12","8","11","13","11","13","8","6","6","13","18","11","12","17","9","23","20","17","10",FALSE
"ID0653","Habitante_653",18,"F",NA,NA,"19","13","14","19","12","15","19","25","19","12","38","30","14","14","14","9","10","5","30","23","11","7","14","10","11","11","11","14","10","9","13","19","10","9","8","8","25","21","11","8",FALSE
"ID0654","Habitante_654",72,"F",NA,NA,"19","19","18","17","15","15","22","17","18","11","31","33","18","17","16","14","5","5","19","21","7","14","10","13","8","10","13","12","7","6","13","11","8","10","19","14","21","17","19","11",FALSE
"ID0655","Habitante_655",50,"F",NA,NA,"14","18","14","21","12","8","22","26","11","8","30","34","17","11","16","14","5","5","21","30","15","12","9","10","8","11","10","12","6","11","16","16","11","11","13","11","23","23","17","15",FALSE
"ID0656","Habitante_656",31,"M",NA,NA,"19","19","17","20","12","12","25","21","18","8","33","38","13","22","17","12","5","5","27","19","8","12","9","10","13","7","13","9","8","6","13","13","12","15","8","11","23","25","19","9",FALSE
"ID0657","Habitante_657",18,"F",NA,NA,"19","19","19","17","8","15","15","19","14","18","38","38","10","15","12","15","7","9","29","29","9","8","9","10","14","9","9","9","10","11","13","19","12","9","16","13","25","17","8","8",FALSE
"ID0658","Habitante_658",43,"F",NA,NA,"16","14","17","17","15","8","25","23","8","14","30","27","15","10","10","14","6","7","30","19","15","9","10","13","9","9","12","7","6","6","20","19","12","17","18","19","23","17","10","12",FALSE
"ID0659","Habitante_659",51,"F",NA,NA,"14","19","18","16","12","15","24","16","19","15","34","38","26","25","12","9","11","5","28","21","7","15","11","10","9","11","9","12","8","7","17","10","12","16","14","9","19","17","12","19",FALSE
"ID0660","Habitante_660",47,"M",NA,NA,"19","19","21","17","13","15","26","16","11","16","24","36","25","14","16","16","5","5","28","28","13","15","13","13","14","14","12","13","9","10","11","10","12","10","8","17","24","15","12","8",FALSE
"ID0661","Habitante_661",33,"F",NA,NA,"15","19","19","17","8","13","26","15","16","11","25","29","14","23","12","16","5","5","27","30","8","11","9","10","14","8","13","13","7","6","19","19","12","10","19","11","15","23","11","11",FALSE
"ID0662","Habitante_662",48,"F",NA,NA,"12","14","19","19","8","15","21","28","18","16","25","38","19","11","9","12","5","10","21","26","13","9","9","11","13","13","8","8","11","6","19","13","10","10","10","17","23","25","12","12",FALSE
"ID0663","Habitante_663",18,"M",NA,NA,"19","14","17","14","15","8","17","23","18","17","38","38","10","19","14","14","7","9","21","29","7","14","11","9","8","11","7","12","10","8","19","13","15","9","19","12","17","25","15","8",FALSE
"ID0664","Habitante_664",53,"M",NA,NA,"19","18","19","19","8","8","19","19","11","12","34","38","18","13","12","14","10","9","23","28","8","8","9","10","11","6","11","13","10","10","16","19","10","12","9","17","17","22","11","15",FALSE
"ID0665","Habitante_665",20,"M",NA,NA,"19","19","14","17","12","13","26","23","14","11","37","34","22","22","9","14","5","6","23","21","7","13","9","15","14","11","8","9","6","6","19","13","10","10","16","18","17","23","11","15",FALSE
"ID0666","Habitante_666",23,"F",NA,NA,"16","14","19","19","12","9","23","23","18","11","35","27","25","22","16","10","10","5","21","23","12","8","9","10","11","13","12","12","6","8","13","19","13","13","12","13","25","20","19","19",FALSE
"ID0667","Habitante_667",61,"F",NA,NA,"16","16","17","18","8","14","17","19","10","15","34","37","23","21","10","9","7","5","28","27","12","14","12","10","13","12","8","7","6","10","18","13","10","10","12","17","17","20","10","9",FALSE
"ID0668","Habitante_668",25,"F",NA,NA,"14","16","14","19","11","14","25","21","19","9","33","29","25","11","16","12","9","5","20","21","15","11","13","13","10","9","13","11","9","10","10","10","10","13","18","17","19","20","11","8",FALSE
"ID0669","Habitante_669",72,"M",NA,NA,"19","19","17","19","13","8","18","17","16","8","31","29","24","25","12","17","5","6","21","21","8","11","10","10","11","13","12","15","6","11","20","14","12","10","14","12","23","16","19","11",FALSE
"ID0670","Habitante_670",37,"M",NA,NA,"13","14","17","17","11","13","17","27","10","19","26","33","14","25","9","11","5","6","23","27","12","14","9","10","12","10","8","12","6","12","10","13","12","9","19","9","22","17","15","9",FALSE
"ID0671","Habitante_671",26,"F",NA,NA,"16","12","17","19","13","12","26","17","8","8","27","38","9","25","9","12","6","5","27","29","9","9","10","11","13","9","14","8","12","10","18","10","9","16","17","9","16","23","9","8",FALSE
"ID0672","Habitante_672",43,"M",NA,NA,"19","19","14","17","13","8","15","26","10","11","27","34","22","14","16","12","6","6","21","25","13","8","13","13","9","14","13","13","6","11","13","10","16","10","19","17","23","24","9","9",FALSE
"ID0673","Habitante_673",36,"F",NA,NA,"18","19","17","19","12","14","16","24","12","11","38","30","10","16","12","13","5","6","30","24","8","8","9","13","9","13","12","7","6","8","10","13","10","9","16","11","23","18","11","16",FALSE
"ID0674","Habitante_674",32,"M",NA,NA,"12","19","17","19","14","15","15","15","10","17","29","38","22","27","10","14","7","5","30","30","13","12","10","10","9","9","9","9","7","7","19","19","12","10","9","19","22","16","19","12",FALSE
"ID0675","Habitante_675",25,"M",NA,NA,"19","13","14","21","15","15","19","28","15","19","33","24","16","23","9","14","6","5","29","23","12","11","13","8","14","14","12","15","6","6","20","11","10","11","14","9","20","23","15","8",FALSE
"ID0676","Habitante_676",35,"M",NA,NA,"14","19","18","17","15","9","23","22","9","12","29","38","22","18","14","10","9","5","21","19","8","13","10","9","8","12","9","9","6","10","14","11","8","15","8","8","23","23","8","8",FALSE
"ID0677","Habitante_677",46,"F",NA,NA,"19","18","14","19","12","15","21","15","12","14","34","26","18","26","11","9","7","9","26","27","10","15","9","9","10","14","9","15","10","7","10","14","16","9","9","17","17","23","11","12",FALSE
"ID0678","Habitante_678",33,"F",NA,NA,"14","19","17","17","8","15","28","17","8","18","31","31","9","22","13","13","10","7","27","21","8","7","9","10","14","15","8","9","6","8","13","11","12","10","9","19","23","17","8","12",FALSE
"ID0679","Habitante_679",18,"F",NA,NA,"19","19","14","14","8","12","19","22","11","17","38","26","17","22","12","10","7","6","26","27","7","14","11","13","9","14","13","9","6","7","18","13","12","8","10","14","25","21","12","8",FALSE
"ID0680","Habitante_680",18,"F",NA,NA,"16","19","17","14","14","15","28","22","10","10","36","34","26","15","12","11","11","10","21","28","12","12","9","9","14","11","13","9","6","7","19","19","12","9","10","9","17","19","9","17",FALSE
"ID0681","Habitante_681",39,"M",NA,NA,"19","19","17","14","15","15","15","23","19","19","26","26","14","23","9","16","5","7","21","19","12","8","10","9","12","14","12","8","6","6","19","13","12","8","14","9","23","24","12","15",FALSE
"ID0682","Habitante_682",41,"F",NA,NA,"19","16","17","18","8","14","22","19","13","10","34","36","19","22","14","10","7","5","21","24","14","9","10","10","14","11","9","7","6","11","14","13","8","10","13","14","22","19","15","15",FALSE
"ID0683","Habitante_683",54,"F",NA,NA,"19","19","19","19","13","8","17","26","8","10","24","37","24","23","17","14","9","6","23","23","7","15","9","14","11","11","14","8","6","10","13","10","12","13","9","11","17","23","18","8",FALSE
"ID0684","Habitante_684",21,"F",NA,NA,"16","19","19","17","12","8","26","17","14","15","29","25","16","22","10","14","7","5","29","24","12","15","9","10","11","9","11","8","6","10","11","14","13","13","18","14","20","19","8","8",FALSE
"ID0685","Habitante_685",48,"M",NA,NA,"13","19","17","14","12","8","23","25","15","13","38","38","12","18","10","11","5","6","23","21","14","12","15","15","12","7","15","14","6","6","19","19","10","10","12","19","21","19","11","12",FALSE
"ID0686","Habitante_686",27,"M",NA,NA,"19","14","17","19","13","15","25","16","19","14","38","31","25","15","12","11","5","9","30","29","10","12","13","9","11","11","12","12","6","9","19","13","10","12","18","18","25","25","12","11",FALSE
"ID0687","Habitante_687",43,"F",NA,NA,"19","14","18","19","15","8","25","15","18","12","24","38","17","20","9","14","6","6","27","28","9","12","10","13","9","11","15","14","11","10","14","19","9","10","17","18","25","23","12","10",FALSE
"ID0688","Habitante_688",18,"F",NA,NA,"14","19","19","19","15","14","19","19","18","11","38","31","21","22","13","14","9","11","27","28","15","12","10","9","9","14","9","12","7","6","13","13","15","11","9","10","17","23","19","11",FALSE
"ID0689","Habitante_689",27,"M",NA,NA,"16","13","17","17","15","15","16","17","18","10","27","26","17","18","12","17","5","5","29","21","7","14","15","11","14","9","15","13","10","10","13","14","9","12","9","17","23","16","12","12",FALSE
"ID0690","Habitante_690",46,"F",NA,NA,"19","12","21","17","12","14","26","21","19","9","33","34","21","19","14","10","9","5","21","23","10","11","9","10","13","11","15","7","6","9","18","13","11","10","15","8","23","15","10","15",FALSE
"ID0691","Habitante_691",48,"M",NA,NA,"17","19","17","14","8","9","19","21","18","12","38","31","14","13","14","11","5","5","21","24","9","11","9","10","10","6","12","9","10","9","13","13","8","10","13","12","20","16","12","17",FALSE
"ID0692","Habitante_692",34,"M",NA,NA,"19","19","17","14","12","13","17","17","19","10","32","34","10","25","9","10","5","7","23","21","12","11","9","8","9","11","13","9","10","6","13","10","10","12","8","18","17","23","13","8",FALSE
"ID0693","Habitante_693",54,"M",NA,NA,"14","19","17","17","12","8","23","21","10","9","38","25","17","21","11","13","5","7","19","29","9","8","9","9","12","9","15","9","9","12","10","18","9","15","13","8","21","17","11","8",FALSE
"ID0694","Habitante_694",43,"F",NA,NA,"19","19","18","14","11","8","23","15","18","19","38","38","17","26","14","14","5","7","21","21","9","7","13","10","12","11","13","14","6","6","19","13","12","10","13","13","20","23","10","8",FALSE
"ID0695","Habitante_695",41,"M",NA,NA,"12","19","18","14","8","15","22","17","18","18","24","30","18","25","10","14","5","7","23","28","8","12","9","9","14","12","12","11","6","10","19","18","12","11","9","14","17","22","19","18",FALSE
"ID0696","Habitante_696",42,"M",NA,NA,"14","19","17","17","15","11","22","27","10","15","31","24","22","21","14","14","6","10","19","21","14","9","10","9","11","9","9","15","7","6","10","10","10","9","13","17","24","17","11","17",FALSE
"ID0697","Habitante_697",41,"F",NA,NA,"14","19","14","19","9","8","19","18","16","11","26","30","22","10","14","14","9","6","23","27","12","15","9","9","14","11","14","7","6","10","12","13","13","10","10","12","25","17","9","11",FALSE
"ID0698","Habitante_698",85,"M",NA,NA,"19","16","18","18","15","8","19","28","19","14","26","26","21","10","16","17","10","6","26","23","7","13","9","9","8","15","9","14","7","6","11","20","12","16","9","17","17","17","15","12",FALSE
"ID0699","Habitante_699",42,"M",NA,NA,"19","19","15","17","11","8","26","23","14","13","26","27","17","17","13","14","6","5","27","23","14","14","9","9","14","12","8","9","6","10","13","13","9","12","12","14","21","21","11","11",FALSE
"ID0700","Habitante_700",62,"M",NA,NA,"19","17","14","17","8","14","22","23","10","8","24","30","21","13","10","11","7","7","23","23","14","9","12","9","6","8","15","12","6","9","19","10","10","10","14","9","22","19","12","9",FALSE
"ID0701","Habitante_701",55,"M",NA,NA,"19","13","18","18","9","14","23","25","10","12","38","34","22","9","17","12","6","6","27","19","7","7","10","9","13","6","13","8","7","11","13","13","8","12","12","17","20","17","8","11",FALSE
"ID0702","Habitante_702",65,"M",NA,NA,"17","19","19","19","13","13","26","17","10","18","38","37","21","22","17","12","5","6","21","27","12","9","9","9","13","12","9","13","11","6","18","13","12","12","17","18","17","20","10","15",FALSE
"ID0703","Habitante_703",25,"M",NA,NA,"12","19","19","17","8","8","17","26","12","10","27","31","15","13","14","9","5","9","23","21","8","12","9","13","12","13","9","13","6","6","19","10","8","12","10","12","20","24","15","8",FALSE
"ID0704","Habitante_704",18,"F",NA,NA,"19","16","17","19","11","12","26","26","11","11","28","38","14","13","9","12","5","6","29","29","12","9","10","8","12","14","15","9","6","10","11","19","12","15","12","15","19","23","10","12",FALSE
"ID0705","Habitante_705",36,"M",NA,NA,"16","19","19","19","15","15","19","17","18","18","38","25","10","22","12","11","6","5","21","29","13","8","11","10","8","13","13","9","6","7","19","19","10","12","14","11","18","24","12","8",FALSE
"ID0706","Habitante_706",22,"M",NA,NA,"19","19","14","14","14","12","26","19","15","11","30","31","17","9","10","17","7","5","24","23","12","7","9","9","9","14","11","13","10","10","17","19","10","12","18","19","15","16","9","12",FALSE
"ID0707","Habitante_707",73,"M",NA,NA,"19","15","19","17","14","13","22","21","15","18","30","30","10","9","10","10","7","5","28","26","9","9","14","13","14","15","13","8","6","6","13","13","12","9","10","12","25","17","12","12",FALSE
"ID0708","Habitante_708",31,"M",NA,NA,"19","19","17","17","13","12","15","15","11","8","31","27","25","22","13","12","9","6","28","21","12","7","11","10","8","9","13","13","6","7","13","10","13","9","12","18","20","22","12","12",FALSE
"ID0709","Habitante_709",48,"M",NA,NA,"19","16","14","19","12","8","21","17","19","19","34","34","14","25","9","14","10","7","21","29","7","12","15","15","6","14","15","8","11","8","13","13","10","12","17","13","23","15","11","15",FALSE
"ID0710","Habitante_710",36,"F",NA,NA,"12","19","19","19","14","13","16","16","18","10","26","38","25","21","10","14","8","10","21","28","9","15","12","10","11","13","12","11","6","6","13","11","12","10","12","11","23","25","8","19",FALSE
"ID0711","Habitante_711",40,"M",NA,NA,"19","16","17","19","11","15","15","23","13","15","25","31","17","25","14","16","7","5","29","22","14","12","11","12","8","11","13","12","7","6","20","10","9","10","18","19","21","17","12","19",FALSE
"ID0712","Habitante_712",38,"F",NA,NA,"14","16","17","17","14","10","26","17","13","12","38","30","22","22","14","9","7","6","23","21","12","12","15","9","12","14","15","14","9","10","13","13","15","15","11","13","20","17","10","11",FALSE
"ID0713","Habitante_713",30,"M",NA,NA,"19","19","17","19","8","14","15","19","8","15","38","34","22","16","9","14","5","6","27","21","14","8","13","10","11","12","7","9","6","6","13","13","13","10","17","9","23","17","19","9",FALSE
"ID0714","Habitante_714",52,"M",NA,NA,"18","14","17","17","12","11","25","21","15","14","38","33","10","14","13","14","7","5","26","20","15","8","12","9","13","11","11","13","8","6","11","13","13","10","14","9","16","20","8","12",FALSE
"ID0715","Habitante_715",19,"M",NA,NA,"19","19","19","17","12","12","19","22","13","16","28","26","21","13","9","10","6","9","27","30","12","12","10","8","8","13","12","15","6","11","11","13","10","10","18","9","17","16","8","8",FALSE
"ID0716","Habitante_716",52,"F",NA,NA,"19","16","19","17","8","8","18","19","10","10","29","37","21","17","16","12","5","9","29","27","12","15","12","13","14","14","13","12","6","6","19","13","12","12","17","14","19","23","11","11",FALSE
"ID0717","Habitante_717",48,"F",NA,NA,"19","14","14","19","14","15","22","27","8","18","31","31","21","22","14","17","5","7","21","23","8","13","10","9","12","11","9","12","10","6","19","18","13","12","13","13","25","16","16","19",FALSE
"ID0718","Habitante_718",62,"F",NA,NA,"19","19","14","19","12","8","17","15","14","11","26","24","10","11","9","9","9","6","27","23","8","8","9","13","11","14","13","9","6","6","10","16","10","12","14","17","20","21","8","8",FALSE
"ID0719","Habitante_719",18,"M",NA,NA,"19","19","19","14","9","14","17","23","8","12","36","24","26","17","16","9","6","5","23","30","13","10","9","13","10","9","12","12","6","6","13","13","12","12","10","17","23","22","16","15",FALSE
"ID0720","Habitante_720",18,"F",NA,NA,"12","19","17","20","9","10","22","22","13","16","38","38","25","11","12","10","7","6","23","28","12","12","15","8","12","8","15","13","7","9","15","13","12","10","14","17","25","17","9","16",FALSE
"ID0721","Habitante_721",42,"M",NA,NA,"19","19","18","14","8","8","26","23","9","12","38","30","23","16","9","12","10","7","23","21","14","8","15","10","9","13","7","14","6","8","13","16","8","12","18","19","17","19","15","19",FALSE
"ID0722","Habitante_722",75,"F",NA,NA,"14","19","17","19","14","12","28","15","18","11","33","37","17","22","16","17","7","10","26","23","8","8","11","10","8","13","9","9","6","6","13","10","15","10","8","17","20","23","13","12",FALSE
"ID0723","Habitante_723",42,"F",NA,NA,"18","19","17","21","8","8","23","21","8","19","38","34","15","10","14","11","11","9","30","23","9","8","15","9","14","9","15","12","10","11","13","10","12","10","12","16","23","17","13","8",FALSE
"ID0724","Habitante_724",22,"F",NA,NA,"19","14","19","17","15","10","16","15","15","14","31","29","15","17","11","14","7","5","30","21","14","13","10","9","8","11","8","14","9","7","14","10","12","15","18","8","25","16","11","11",FALSE
"ID0725","Habitante_725",50,"M",NA,NA,"19","19","17","17","13","15","16","21","15","10","33","38","19","13","11","14","5","5","21","23","8","8","13","13","12","10","9","7","10","6","13","20","10","10","17","9","23","22","12","18",FALSE
"ID0726","Habitante_726",35,"M",NA,NA,"19","14","17","14","12","15","23","26","19","12","26","34","17","19","13","12","7","10","29","21","12","8","8","15","13","13","11","9","10","6","19","18","12","10","9","12","23","23","14","8",FALSE
"ID0727","Habitante_727",18,"F",NA,NA,"19","16","19","14","8","12","22","15","10","15","25","38","22","11","14","10","7","9","26","26","7","12","15","9","11","12","11","12","8","9","19","13","8","10","17","9","17","25","15","19",FALSE
"ID0728","Habitante_728",40,"F",NA,NA,"19","19","19","19","15","8","28","17","19","18","27","30","22","17","17","10","5","7","23","28","8","13","10","13","12","13","12","13","10","11","13","10","12","10","11","9","22","20","8","10",FALSE
"ID0729","Habitante_729",81,"M",NA,NA,"19","12","19","19","15","13","21","23","11","10","38","32","23","25","17","14","7","5","29","18","8","7","9","9","12","11","12","13","6","13","13","19","16","12","17","9","19","19","8","8",FALSE
"ID0730","Habitante_730",64,"F",NA,NA,"12","14","17","19","12","12","26","25","9","10","32","37","19","21","17","12","5","6","30","18","12","15","9","10","11","11","8","14","6","10","13","13","10","15","17","19","20","19","8","8",FALSE
"ID0731","Habitante_731",43,"F",NA,NA,"19","12","19","17","15","15","25","19","19","11","36","37","16","26","10","15","10","5","24","30","12","9","13","10","9","12","7","13","6","7","10","20","9","10","14","8","17","23","8","10",FALSE
"ID0732","Habitante_732",18,"F",NA,NA,"14","19","17","19","15","9","16","27","16","15","27","30","10","11","14","12","5","5","28","26","12","15","9","10","13","9","8","9","6","9","17","19","10","8","8","19","17","19","8","12",FALSE
"ID0733","Habitante_733",47,"M",NA,NA,"16","14","21","19","14","12","24","17","16","15","33","37","22","19","10","9","7","7","26","25","9","11","9","10","9","14","12","12","11","6","13","19","10","11","12","11","23","23","11","17",FALSE
"ID0734","Habitante_734",59,"F",NA,NA,"19","19","17","19","13","8","17","26","17","9","38","38","17","26","17","12","5","5","29","29","15","9","13","9","8","11","7","12","6","10","11","19","11","10","12","14","19","23","8","13",FALSE
"ID0735","Habitante_735",32,"M",NA,NA,"19","15","15","18","13","8","21","24","16","13","29","33","21","22","10","12","6","6","29","26","9","12","8","13","14","8","13","7","6","10","19","13","12","13","13","14","25","17","8","11",FALSE
"ID0736","Habitante_736",27,"M",NA,NA,"14","15","18","17","8","15","15","17","15","13","30","27","16","21","14","12","5","5","21","27","13","9","9","15","14","10","9","13","6","6","13","11","15","11","9","17","25","16","8","18",FALSE
"ID0737","Habitante_737",18,"M",NA,NA,"19","18","14","17","12","13","26","19","13","13","32","38","9","13","11","9","10","7","21","21","8","7","9","9","11","7","9","13","9","11","13","13","8","12","12","14","20","21","12","8",FALSE
"ID0738","Habitante_738",40,"F",NA,NA,"19","14","17","19","13","8","17","22","15","11","31","31","10","20","10","10","5","5","28","30","13","7","10","11","7","8","9","12","6","10","10","13","10","9","17","9","19","17","12","11",FALSE
"ID0739","Habitante_739",36,"F",NA,NA,"14","19","17","19","12","8","26","24","16","19","26","38","22","21","12","12","7","9","26","23","9","8","9","9","10","13","9","9","8","6","10","10","10","10","19","17","17","25","10","10",FALSE
"ID0740","Habitante_740",65,"M",NA,NA,"16","19","14","19","15","8","26","28","15","14","33","38","13","26","10","10","5","6","23","27","11","11","9","13","11","13","8","12","7","6","19","13","13","12","8","17","17","20","8","8",FALSE
"ID0741","Habitante_741",43,"M",NA,NA,"14","19","17","19","8","11","23","26","18","9","24","34","12","16","16","10","5","10","23","21","7","8","9","10","11","8","8","15","9","6","13","13","12","12","10","19","21","25","12","19",FALSE
"ID0742","Habitante_742",62,"F",NA,NA,"16","14","21","19","8","15","21","23","18","16","33","32","26","19","11","14","5","5","20","29","9","8","13","13","14","12","15","11","10","6","19","18","15","12","8","18","22","19","8","19",FALSE
"ID0743","Habitante_743",39,"F",NA,NA,"19","19","19","14","9","15","15","23","11","19","29","26","10","19","9","14","7","5","26","21","8","7","14","11","12","14","15","9","8","6","10","10","9","12","17","14","15","23","19","8",FALSE
"ID0744","Habitante_744",18,"M",NA,NA,"15","19","17","16","15","15","16","26","16","11","24","38","13","10","10","15","6","7","21","21","8","8","15","11","12","12","9","13","6","10","13","16","12","9","9","9","19","19","13","19",FALSE
"ID0745","Habitante_745",40,"M",NA,NA,"19","12","17","19","12","14","26","16","10","19","29","38","10","17","9","10","6","7","21","26","11","15","9","10","12","8","10","9","7","6","13","20","10","9","18","14","23","16","19","15",FALSE
"ID0746","Habitante_746",44,"M",NA,NA,"16","19","17","17","9","15","19","21","11","10","25","30","13","14","9","10","5","11","19","20","12","15","9","9","10","8","11","9","7","9","10","13","9","9","14","12","25","21","19","19",FALSE
"ID0747","Habitante_747",32,"F",NA,NA,"16","19","17","19","12","14","15","19","8","11","35","30","11","14","11","9","9","7","21","21","9","8","10","10","12","8","8","9","6","7","16","12","10","11","17","17","23","24","8","19",FALSE
"ID0748","Habitante_748",25,"M",NA,NA,"19","14","17","19","9","8","25","21","18","12","38","38","25","25","9","12","6","6","21","30","8","8","10","12","10","13","12","8","9","11","19","11","12","12","12","9","25","20","12","8",FALSE
"ID0749","Habitante_749",18,"F",NA,NA,"19","12","19","17","8","12","26","15","10","18","33","32","12","21","13","11","5","7","23","19","8","7","9","9","13","10","13","16","7","10","10","10","10","10","18","13","19","25","12","12",FALSE
"ID0750","Habitante_750",77,"M",NA,NA,"19","19","19","19","13","9","28","19","11","15","27","38","14","25","14","14","6","5","24","27","13","8","11","9","6","14","11","14","6","6","16","19","12","16","8","17","19","25","8","8",FALSE
"ID0751","Habitante_751",60,"F",NA,NA,"19","14","19","19","12","12","21","24","13","18","24","30","22","21","9","9","7","7","26","27","8","12","13","9","8","12","13","13","6","6","10","13","11","11","8","14","17","23","19","11",FALSE
"ID0752","Habitante_752",32,"F",NA,NA,"19","16","17","14","12","15","19","24","8","11","33","31","16","15","9","12","7","6","27","21","9","11","9","9","8","14","11","13","6","6","13","10","10","10","19","17","25","23","16","9",FALSE
"ID0753","Habitante_753",28,"F",NA,NA,"19","19","17","19","8","15","16","17","12","18","24","34","9","17","16","14","6","5","18","24","12","10","9","9","9","8","13","14","6","9","15","19","16","10","17","19","17","20","8","13",FALSE
"ID0754","Habitante_754",43,"M",NA,NA,"19","14","17","19","14","14","19","17","15","11","38","34","22","21","12","12","5","5","23","28","10","14","12","12","13","12","15","7","10","6","19","13","12","12","13","17","22","23","8","16",FALSE
"ID0755","Habitante_755",18,"F",NA,NA,"12","14","17","17","15","8","23","16","18","14","38","27","10","15","14","11","9","5","21","20","13","15","10","9","14","9","7","9","9","6","19","10","12","12","18","17","15","23","12","9",FALSE
"ID0756","Habitante_756",37,"M",NA,NA,"16","19","17","14","12","13","27","28","18","18","31","30","17","13","16","11","6","7","28","21","12","14","13","11","9","6","7","12","6","10","20","19","11","12","18","12","23","15","19","9",FALSE
"ID0757","Habitante_757",18,"F",NA,NA,"12","14","19","17","8","12","23","26","18","19","30","38","22","19","15","12","5","6","23","26","15","8","15","11","11","11","15","15","6","6","19","13","15","13","18","14","21","25","12","15",FALSE
"ID0758","Habitante_758",42,"F",NA,NA,"19","19","19","14","11","15","25","20","19","11","38","27","25","26","12","12","5","9","27","21","7","8","10","11","12","15","13","7","11","10","11","15","12","11","17","17","23","23","15","19",FALSE
"ID0759","Habitante_759",43,"M",NA,NA,"19","16","19","18","8","12","25","23","11","10","34","37","17","16","14","12","7","7","23","19","10","11","10","9","6","14","11","13","9","9","13","13","17","13","14","10","23","23","11","8",FALSE
"ID0760","Habitante_760",18,"F",NA,NA,"19","19","19","17","8","14","19","15","18","11","28","38","21","19","14","16","6","9","20","24","7","8","10","13","13","13","12","9","6","6","18","19","11","10","10","17","15","23","12","8",FALSE
"ID0761","Habitante_761",47,"M",NA,NA,"19","19","18","18","12","11","26","28","10","16","33","27","19","26","11","15","9","6","27","19","12","12","9","10","12","13","15","12","10","6","14","18","9","10","16","14","15","17","15","16",FALSE
"ID0762","Habitante_762",85,"F",NA,NA,"14","14","17","15","15","12","24","22","10","8","29","38","25","11","17","10","7","5","21","23","11","14","10","11","8","7","8","8","6","6","13","10","8","10","18","18","21","17","12","16",FALSE
"ID0763","Habitante_763",19,"F",NA,NA,"19","16","17","14","11","11","23","23","15","18","29","27","15","24","12","17","6","5","20","18","11","15","9","10","9","10","12","12","6","11","19","11","10","10","14","16","23","21","8","19",FALSE
"ID0764","Habitante_764",39,"F",NA,NA,"19","19","14","15","8","11","22","17","18","10","26","27","25","22","12","15","6","5","18","27","11","8","10","10","9","12","14","14","9","6","13","19","10","12","10","8","16","23","8","19",FALSE
"ID0765","Habitante_765",35,"F",NA,NA,"19","12","17","19","13","15","22","22","14","11","33","30","15","26","14","14","8","6","19","29","15","12","9","13","14","10","9","9","6","6","14","11","14","10","16","18","19","21","8","10",FALSE
"ID0766","Habitante_766",41,"F",NA,NA,"12","12","19","14","15","11","19","15","19","14","33","35","17","21","17","11","7","11","23","27","8","10","9","14","10","8","15","13","6","6","13","19","10","15","11","14","23","15","10","11",FALSE
"ID0767","Habitante_767",35,"M",NA,NA,"19","19","20","14","12","15","28","21","11","17","24","29","18","10","11","10","7","6","27","21","15","8","13","10","15","7","9","8","6","9","11","13","10","10","17","10","19","23","10","18",FALSE
"ID0768","Habitante_768",59,"M",NA,NA,"16","19","18","21","13","12","23","25","10","13","38","30","19","10","12","14","6","5","29","28","12","7","12","9","9","9","9","9","7","6","10","11","11","9","13","14","20","23","15","15",FALSE
"ID0769","Habitante_769",49,"F",NA,NA,"14","19","19","14","12","14","17","21","14","19","29","34","22","22","17","9","10","5","23","30","12","12","9","13","8","8","15","9","6","11","16","10","10","11","18","9","22","23","19","10",FALSE
"ID0770","Habitante_770",41,"M",NA,NA,"14","19","14","17","13","12","18","15","14","14","27","29","9","15","11","14","9","5","27","30","11","7","9","13","11","8","8","15","6","6","10","18","10","12","19","13","20","16","19","19",FALSE
"ID0771","Habitante_771",61,"M",NA,NA,"19","13","17","17","15","13","19","15","19","10","30","38","27","12","16","10","10","6","24","25","12","9","13","11","13","8","9","12","10","7","14","13","8","12","12","10","17","25","8","8",FALSE
"ID0772","Habitante_772",43,"F",NA,NA,"19","14","17","17","8","8","21","28","12","11","38","32","21","13","9","14","7","5","21","26","10","9","10","12","6","12","15","12","11","9","14","18","12","9","18","9","19","22","19","16",FALSE
"ID0773","Habitante_773",41,"M",NA,NA,"19","12","17","19","15","8","15","26","12","19","24","33","21","21","14","10","10","7","27","20","12","13","10","10","11","7","13","13","10","6","20","10","8","15","13","12","19","21","8","10",FALSE
"ID0774","Habitante_774",55,"M",NA,NA,"19","19","19","14","8","14","22","20","12","12","32","26","16","19","16","14","6","10","22","29","8","15","9","13","14","11","15","9","7","6","19","16","10","12","18","19","15","17","8","16",FALSE
"ID0775","Habitante_775",66,"F",NA,NA,"16","19","19","17","12","14","18","23","9","12","38","34","22","17","12","9","8","6","30","23","9","12","10","14","11","9","15","12","10","6","13","13","13","11","12","17","17","17","8","8",FALSE
"ID0776","Habitante_776",52,"M",NA,NA,"14","19","17","18","8","8","22","19","18","9","38","38","9","22","11","12","9","5","21","27","9","10","9","11","14","14","9","14","9","9","10","10","8","12","16","17","16","23","8","12",FALSE
"ID0777","Habitante_777",42,"F",NA,NA,"19","19","17","19","14","8","28","17","11","18","27","26","14","24","11","12","5","9","30","30","12","12","15","13","11","9","9","11","10","6","13","11","17","10","17","9","23","23","8","15",FALSE
"ID0778","Habitante_778",68,"M",NA,NA,"18","19","16","17","15","15","19","23","9","19","30","38","10","19","14","10","6","6","21","22","13","13","13","11","14","12","12","12","7","6","19","13","10","15","9","18","16","20","16","19",FALSE
"ID0779","Habitante_779",55,"M",NA,NA,"19","12","17","17","9","8","19","17","11","18","24","30","14","10","15","17","6","9","21","23","8","8","9","14","11","13","9","11","8","6","13","19","10","12","18","17","25","21","11","16",FALSE
"ID0780","Habitante_780",48,"M",NA,NA,"14","19","19","14","12","8","26","15","10","14","32","30","22","18","12","9","5","9","21","27","15","13","11","9","10","11","15","9","6","7","19","10","12","16","19","14","20","23","12","15",FALSE
"ID0781","Habitante_781",39,"M",NA,NA,"19","12","19","14","15","8","19","21","14","18","29","30","19","10","11","17","9","7","19","24","12","9","9","11","14","14","13","9","6","9","13","13","12","14","11","14","17","22","19","17",FALSE
"ID0782","Habitante_782",28,"M",NA,NA,"14","13","19","17","13","13","21","15","12","18","33","38","17","18","12","14","5","5","21","21","11","8","10","10","10","9","9","9","6","6","19","13","12","9","18","8","24","16","8","19",FALSE
"ID0783","Habitante_783",44,"F",NA,NA,"19","14","19","19","13","14","26","15","19","18","33","31","22","20","11","17","5","6","30","21","12","15","9","9","14","15","9","12","12","10","19","15","15","10","10","17","17","15","12","9",FALSE
"ID0784","Habitante_784",61,"M",NA,NA,"16","19","19","19","13","15","17","15","13","16","29","38","25","26","12","10","5","7","30","26","12","13","9","9","13","13","9","8","6","6","18","11","16","12","13","18","25","17","13","19",FALSE
"ID0785","Habitante_785",33,"M",NA,NA,"14","19","14","19","12","15","27","17","19","14","26","38","10","17","9","11","5","5","19","23","12","12","10","13","9","8","9","11","6","7","11","13","16","12","19","16","17","21","15","9",FALSE
"ID0786","Habitante_786",18,"M",NA,NA,"19","19","14","19","8","15","23","17","15","19","38","33","22","17","14","9","5","6","23","21","8","13","10","9","9","9","13","8","10","9","19","13","10","12","10","17","25","17","10","12",FALSE
"ID0787","Habitante_787",44,"F",NA,NA,"16","19","14","17","15","15","21","28","13","19","27","38","25","10","12","13","7","9","21","23","9","15","9","14","13","14","13","14","6","11","10","20","9","9","18","14","20","19","8","15",FALSE
"ID0788","Habitante_788",82,"M",NA,NA,"19","19","18","17","11","12","22","22","11","14","26","33","22","10","12","14","7","7","30","21","13","15","9","11","8","11","9","13","6","9","16","14","10","15","11","18","23","16","8","9",FALSE
"ID0789","Habitante_789",53,"F",NA,NA,"19","19","19","17","12","13","21","21","13","12","38","24","22","22","14","14","5","6","26","30","9","8","13","10","9","11","16","9","9","6","19","10","15","16","14","12","17","20","12","15",FALSE
"ID0790","Habitante_790",18,"F",NA,NA,"14","14","19","14","15","10","23","28","12","19","31","38","11","22","14","12","5","6","28","27","9","9","11","11","13","11","13","13","6","6","19","10","9","9","13","10","24","23","11","8",FALSE
"ID0791","Habitante_791",29,"M",NA,NA,"19","19","19","19","13","9","21","23","17","19","26","29","19","19","9","12","5","11","21","28","9","8","13","13","14","11","12","12","6","8","10","13","13","12","18","18","21","16","12","11",FALSE
"ID0792","Habitante_792",42,"F",NA,NA,"16","19","19","17","12","12","19","28","19","11","28","26","19","26","9","10","7","6","21","23","11","7","14","9","12","7","12","9","6","7","13","20","12","11","17","17","15","15","8","19",FALSE
"ID0793","Habitante_793",29,"F",NA,NA,"18","16","14","14","12","15","21","21","14","14","29","29","16","14","17","12","6","5","27","23","12","15","8","9","14","9","7","11","7","6","19","10","12","11","18","8","25","25","19","11",FALSE
"ID0794","Habitante_794",37,"F",NA,NA,"19","19","17","19","12","12","19","19","15","9","34","24","11","22","9","15","6","6","30","21","12","13","10","8","12","14","16","12","6","9","11","18","15","12","18","19","16","25","9","19",FALSE
"ID0795","Habitante_795",62,"F",NA,NA,"12","14","18","17","14","9","26","26","13","12","37","34","22","20","12","12","6","9","21","27","13","7","13","10","12","13","9","9","6","10","19","19","15","10","17","18","17","23","15","19",FALSE
"ID0796","Habitante_796",31,"F",NA,NA,"19","16","18","17","12","9","24","15","18","18","27","38","22","25","12","12","5","7","30","23","7","14","9","8","11","14","13","9","6","8","11","13","12","10","9","18","21","23","12","9",FALSE
"ID0797","Habitante_797",45,"M",NA,NA,"16","19","17","18","8","12","15","21","12","14","33","27","19","9","11","17","5","5","19","23","12","12","13","9","14","13","15","9","6","6","11","13","11","16","19","14","20","17","8","8",FALSE
"ID0798","Habitante_798",32,"M",NA,NA,"19","19","14","18","12","11","23","25","14","11","34","32","17","22","14","14","7","5","18","30","12","12","13","10","8","11","9","12","11","6","16","19","10","16","18","19","19","17","12","15",FALSE
"ID0799","Habitante_799",85,"M",NA,NA,"19","16","19","18","15","8","19","24","11","8","28","33","25","14","9","11","6","5","21","29","7","8","11","9","9","6","12","8","7","6","18","13","12","12","17","8","17","19","8","19",FALSE
"ID0800","Habitante_800",48,"M",NA,NA,"19","19","19","15","15","9","23","21","18","18","26","28","19","9","14","12","7","5","23","26","12","12","11","9","9","11","14","12","6","9","10","13","9","11","19","19","23","19","10","9",FALSE
"ID0801","Habitante_801",39,"F",NA,NA,"14","14","18","17","8","13","23","25","15","12","29","26","18","19","12","10","5","5","27","22","14","8","10","10","14","11","9","14","6","6","16","20","9","9","19","12","25","17","11","12",FALSE
"ID0802","Habitante_802",49,"M",NA,NA,"14","19","19","20","8","14","15","23","16","19","26","30","18","10","17","12","5","9","27","27","13","12","10","9","8","12","15","8","6","6","14","12","15","12","17","12","25","23","8","17",FALSE
"ID0803","Habitante_803",47,"F",NA,NA,"19","19","19","19","15","13","17","15","8","11","26","31","17","16","10","9","10","6","20","19","8","13","10","9","13","11","13","12","6","6","16","13","12","12","18","17","23","22","9","8",FALSE
"ID0804","Habitante_804",29,"F",NA,NA,"19","19","17","17","8","8","28","24","13","19","27","26","24","21","14","10","5","5","20","23","15","8","13","11","7","9","15","12","6","10","18","13","12","13","8","8","20","17","12","9",FALSE
"ID0805","Habitante_805",38,"M",NA,NA,"19","14","19","17","14","8","25","22","19","12","24","25","21","22","14","12","6","5","29","21","9","7","10","14","12","7","13","15","6","6","17","10","9","10","9","19","21","17","8","8",FALSE
"ID0806","Habitante_806",25,"F",NA,NA,"14","14","19","19","15","15","24","16","12","18","38","33","21","22","9","14","9","6","27","19","9","11","11","13","6","11","13","12","9","6","13","16","10","12","9","18","24","25","8","8",FALSE
"ID0807","Habitante_807",51,"M",NA,NA,"19","14","14","14","14","14","23","22","15","18","34","29","17","10","13","12","7","10","20","21","12","8","9","10","10","11","15","7","10","6","13","13","9","13","13","14","24","24","15","8",FALSE
"ID0808","Habitante_808",26,"M",NA,NA,"19","19","16","17","14","11","22","23","10","18","28","26","14","14","12","9","5","9","20","29","15","14","12","10","12","11","13","13","6","6","18","13","10","10","13","13","25","17","17","17",FALSE
"ID0809","Habitante_809",40,"F",NA,NA,"19","19","18","14","14","12","17","19","14","14","38","38","22","25","12","14","6","11","21","21","7","13","13","11","14","12","8","12","9","6","19","13","10","15","11","10","16","20","19","15",FALSE
"ID0810","Habitante_810",19,"M",NA,NA,"19","12","14","17","12","15","21","28","11","16","34","38","22","18","9","14","6","5","21","26","13","15","13","9","8","9","11","14","6","6","11","11","12","9","11","19","19","19","9","11",FALSE
"ID0811","Habitante_811",39,"M",NA,NA,"19","14","19","17","14","8","16","16","19","8","30","38","21","17","17","14","5","7","28","27","12","14","10","9","13","14","12","9","8","11","10","13","10","13","18","12","17","17","8","12",FALSE
"ID0812","Habitante_812",23,"F",NA,NA,"19","16","17","20","14","15","26","25","18","14","38","31","11","22","12","14","7","10","21","21","15","12","9","9","12","9","8","15","6","6","11","19","9","11","18","9","23","17","9","10",FALSE
"ID0813","Habitante_813",80,"M",NA,NA,"19","15","19","14","12","13","19","17","13","19","26","26","11","18","9","12","10","6","23","23","8","12","15","10","11","14","11","13","6","9","13","13","8","10","12","17","17","15","9","10",FALSE
"ID0814","Habitante_814",41,"F",NA,NA,"19","19","19","17","9","8","17","15","11","8","36","25","21","15","14","10","6","7","23","30","11","7","9","15","9","11","15","13","6","10","16","19","15","12","18","18","16","23","8","12",FALSE
"ID0815","Habitante_815",38,"F",NA,NA,"13","19","18","18","14","13","23","28","16","18","24","33","26","9","16","17","5","6","28","23","7","12","9","9","9","14","13","7","6","6","10","13","11","10","17","17","23","20","8","8",FALSE
"ID0816","Habitante_816",51,"M",NA,NA,"19","16","20","21","8","8","21","19","14","18","33","24","11","21","11","14","9","5","22","27","10","8","9","8","9","7","9","14","6","6","13","11","12","10","17","18","15","17","17","12",FALSE
"ID0817","Habitante_817",40,"F",NA,NA,"19","19","17","17","12","8","24","17","16","18","33","38","15","22","10","12","5","5","27","28","12","12","10","15","8","9","14","13","7","11","19","16","10","10","10","19","24","16","8","15",FALSE
"ID0818","Habitante_818",24,"F",NA,NA,"19","19","17","18","14","14","24","17","10","10","28","34","22","25","17","13","5","7","21","21","12","8","9","10","15","14","8","16","6","6","16","18","10","10","18","18","20","25","8","15",FALSE
"ID0819","Habitante_819",65,"M",NA,NA,"15","16","20","14","14","15","17","25","18","8","31","33","25","18","16","11","6","5","21","28","8","7","9","11","7","12","8","13","6","13","20","20","12","12","18","17","20","18","11","12",FALSE
"ID0820","Habitante_820",66,"M",NA,NA,"16","14","18","17","13","12","26","15","9","18","35","26","25","13","10","9","6","5","28","30","12","12","15","13","9","12","9","14","6","12","18","19","15","11","9","13","17","15","17","15",FALSE
"ID0821","Habitante_821",68,"M",NA,NA,"18","19","17","19","12","8","28","28","11","10","25","28","25","25","15","14","7","7","24","21","14","8","8","9","14","15","13","9","6","6","13","13","10","12","14","17","17","25","12","11",FALSE
"ID0822","Habitante_822",59,"F",NA,NA,"14","19","17","21","13","8","17","23","15","15","38","28","10","19","17","14","5","5","30","21","13","15","14","10","12","11","9","9","9","6","11","12","8","13","12","18","21","25","19","11",FALSE
"ID0823","Habitante_823",40,"F",NA,NA,"16","14","19","17","9","9","19","17","18","16","27","29","19","22","12","16","9","9","23","21","13","14","13","9","14","7","9","14","13","9","11","14","10","12","17","11","20","17","12","16",FALSE
"ID0824","Habitante_824",29,"M",NA,NA,"19","19","17","19","12","8","17","24","19","13","38","30","20","14","14","12","6","5","30","26","11","15","11","11","11","6","11","9","7","6","15","19","12","11","12","19","16","16","8","8",FALSE
"ID0825","Habitante_825",36,"F",NA,NA,"19","19","19","17","9","8","15","21","11","8","31","30","14","10","11","10","11","10","20","28","8","9","13","13","7","9","9","11","6","7","13","18","10","10","14","17","17","23","9","10",FALSE
"ID0826","Habitante_826",55,"F",NA,NA,"15","19","17","18","8","14","17","17","8","18","38","29","14","9","12","9","5","6","20","27","9","9","9","9","14","8","9","9","10","6","10","13","12","9","9","18","17","25","11","12",FALSE
"ID0827","Habitante_827",25,"M",NA,NA,"18","19","14","14","14","8","22","22","10","12","38","29","14","9","9","12","7","5","28","27","10","12","14","13","12","9","8","13","6","6","11","13","12","13","19","8","25","19","10","8",FALSE
"ID0828","Habitante_828",26,"F",NA,NA,"19","16","17","17","14","8","21","23","13","8","30","36","26","27","11","10","6","7","29","22","15","14","10","9","12","12","13","12","6","9","13","15","10","15","14","14","23","17","11","11",FALSE
